,Gender,Married,Dependents,Education,Self_Employed,ApplicantIncome,CoapplicantIncome,LoanAmount,Loan_Amount_Term,Credit_History,Property_Area,Loan_Status,Interest_Rate,ApplicantIncome_log,CoapplicantIncome_log,LoanAmount_log,LoanAmount_IQR,Income_bin,Total_Income,Debt_to_Income,LTV_Proxy,Income_Band
0,Male,No,0,Graduate,No,5849,0.0,127.0,360.0,1.0,Urban,Y,8,8.674196940225903,0.0,4.852030263919617,127.0,High,5849.0,0.021713113352709864,1.0583333333333333,Medium
1,Male,Yes,1,Graduate,No,4583,1508.0,128.0,360.0,1.0,Rural,N,8,8.430327258394575,7.319202458767849,4.859812404361672,128.0,Upper-Middle,6091.0,0.0210146117222131,1.6,Medium
2,Male,Yes,0,Graduate,Yes,3000,0.0,66.0,360.0,1.0,Urban,Y,8,8.006700845440367,0.0,4.204692619390966,66.0,Lower-Middle,3000.0,0.022,0.55,Low
3,Male,Yes,0,Not Graduate,No,2583,2358.0,120.0,360.0,1.0,Urban,Y,8,7.857093864902493,7.765993079407675,4.795790545596741,120.0,Low,4941.0,0.024286581663630843,1.0,Low
4,Male,No,0,Graduate,No,6000,0.0,141.0,360.0,1.0,Urban,Y,8,8.699681400989514,0.0,4.955827057601261,141.0,High,6000.0,0.0235,1.175,Medium
5,Male,Yes,2,Graduate,Yes,5417,4196.0,267.0,360.0,1.0,Urban,Y,9,8.59748202264504,8.34212526333359,5.5909869805108565,266.875,Upper-Middle,9613.0,0.027774888172266723,2.225,Very High
6,Male,Yes,0,Not Graduate,No,2333,1516.0,95.0,360.0,1.0,Urban,Y,8,7.755338812846501,7.324489979348532,4.564348191467836,95.0,Low,3849.0,0.024681735515718367,0.7916666666666666,Low
7,Male,Yes,3+,Graduate,No,3036,2504.0,158.0,360.0,0.0,Semiurban,N,8,8.01862546504575,7.826044013518965,5.0689042022202315,158.0,Lower-Middle,5540.0,0.02851985559566787,1.58,Medium
8,Male,Yes,2,Graduate,No,4006,1526.0,168.0,360.0,1.0,Urban,Y,8,8.295798110636145,7.3310603052186325,5.1298987149230735,168.0,Upper-Middle,5532.0,0.03036876355748373,1.4,Medium
9,Male,Yes,1,Graduate,No,12841,10968.0,349.0,360.0,1.0,Semiurban,N,9,9.460476328353995,9.302828391411333,5.857933154483459,266.875,High,23809.0,0.014658322483094628,3.49,Very High
10,Male,Yes,2,Graduate,No,3200,700.0,70.0,360.0,1.0,Urban,Y,8,8.071218539969863,6.55250788703459,4.2626798770413155,70.0,Lower-Middle,3900.0,0.017948717948717947,0.5833333333333334,Low
11,Male,Yes,2,Graduate,No,3073,8106.0,200.0,360.0,1.0,Urban,Y,8,8.03073492409854,9.000483164987708,5.303304908059076,200.0,Lower-Middle,11179.0,0.01789068789694964,1.6666666666666667,Very High
12,Male,No,0,Graduate,No,1853,2840.0,114.0,360.0,1.0,Rural,N,8,7.5251007461258,7.951911381854188,4.74493212836325,114.0,Low,4693.0,0.024291497975708502,1.425,Low
13,Male,Yes,2,Graduate,No,1299,1086.0,17.0,120.0,1.0,Urban,Y,7,7.170119543449628,6.99117688712121,2.8903717578961645,17.0,Low,2385.0,0.007127882599580713,0.14166666666666666,Low
14,Male,No,0,Graduate,No,4950,0.0,125.0,360.0,1.0,Urban,Y,8,8.507344855361422,0.0,4.836281906951478,125.0,Upper-Middle,4950.0,0.025252525252525252,1.0416666666666667,Low
15,Male,No,1,Not Graduate,No,3596,0.0,100.0,240.0,1.0,Urban,Y,8,8.187855443695623,0.0,4.61512051684126,100.0,Lower-Middle,3596.0,0.027808676307007785,0.8333333333333334,Low
16,Female,No,0,Graduate,No,3510,0.0,76.0,360.0,0.0,Urban,N,8,8.163656176168432,0.0,4.343805421853684,76.0,Lower-Middle,3510.0,0.021652421652421653,0.6333333333333333,Low
17,Male,Yes,0,Not Graduate,No,4887,0.0,133.0,360.0,1.0,Rural,N,8,8.494538500851432,0.0,4.897839799950911,133.0,Upper-Middle,4887.0,0.027215060364231634,1.6625,Low
18,Male,Yes,0,Not Graduate,No,7660,0.0,104.0,360.0,0.0,Urban,N,8,8.94389780251682,0.0,4.653960350157523,104.0,High,7660.0,0.013577023498694517,0.8666666666666667,High
19,Male,Yes,1,Graduate,No,5955,5625.0,315.0,360.0,1.0,Urban,Y,9,8.6921543938039,8.635153989049803,5.755742213586912,266.875,High,11580.0,0.027202072538860103,2.625,Very High
20,Male,Yes,0,Not Graduate,No,2600,1911.0,116.0,360.0,0.0,Semiurban,N,8,7.8636512654486515,7.555905093611346,4.762173934797756,116.0,Low,4511.0,0.025714919086677012,1.16,Low
21,Male,Yes,0,Graduate,Yes,9560,0.0,191.0,360.0,1.0,Semiurban,Y,8,9.165447603085447,0.0,5.2574953720277815,191.0,High,9560.0,0.01997907949790795,1.91,Very High
22,Male,Yes,0,Graduate,No,2799,2253.0,122.0,360.0,1.0,Semiurban,Y,8,7.937374696163295,7.720461694599722,4.812184355372417,122.0,Low,5052.0,0.02414885193982581,1.22,Medium
23,Male,Yes,2,Not Graduate,No,4226,1040.0,110.0,360.0,1.0,Urban,Y,8,8.34924780056679,6.947937068614969,4.709530201312334,110.0,Upper-Middle,5266.0,0.020888720091150777,0.9166666666666666,Medium
24,Male,No,0,Not Graduate,No,1442,0.0,35.0,360.0,1.0,Urban,N,8,7.274479558773871,0.0,3.58351893845611,35.0,Low,1442.0,0.024271844660194174,0.2916666666666667,Low
25,Male,No,0,Graduate,No,3167,0.0,74.0,360.0,1.0,Urban,N,8,8.060855752934316,0.0,4.31748811353631,74.0,Lower-Middle,3167.0,0.023365961477739186,0.6166666666666667,Low
26,Male,No,1,Graduate,Yes,4692,0.0,106.0,360.0,1.0,Rural,N,8,8.453827315794417,0.0,4.672828834461906,106.0,Upper-Middle,4692.0,0.022591645353793693,1.325,Low
27,Male,Yes,0,Graduate,No,3500,1667.0,114.0,360.0,1.0,Semiurban,Y,8,8.160803920954665,7.419380582918692,4.74493212836325,114.0,Lower-Middle,5167.0,0.022063092703696534,1.14,Medium
28,Male,No,3+,Graduate,No,12500,3000.0,320.0,360.0,1.0,Rural,N,9,9.433563920090563,8.006700845440367,5.771441123130016,266.875,High,15500.0,0.02064516129032258,4.0,Very High
29,Male,Yes,0,Graduate,No,2275,2067.0,127.0,360.0,1.0,Urban,Y,8,7.730174795246222,7.63433723562832,4.852030263919617,127.0,Low,4342.0,0.029249193919852604,1.0583333333333333,Low
30,Male,Yes,0,Graduate,No,1828,1330.0,100.0,360.0,0.0,Urban,N,8,7.511524648390866,7.193685818395112,4.61512051684126,100.0,Low,3158.0,0.031665611146295125,0.8333333333333334,Low
31,Female,Yes,0,Graduate,No,3667,1459.0,144.0,360.0,1.0,Semiurban,Y,8,8.207401833376355,7.286191714702382,4.976733742420574,144.0,Lower-Middle,5126.0,0.02809207959422552,1.44,Medium
32,Male,No,0,Graduate,No,4166,7210.0,184.0,360.0,1.0,Urban,Y,8,8.334951631422454,8.88336291691676,5.220355825078324,184.0,Upper-Middle,11376.0,0.01617440225035162,1.5333333333333334,Very High
33,Male,No,0,Not Graduate,No,3748,1668.0,110.0,360.0,1.0,Semiurban,Y,8,8.229244416735913,7.419979923661835,4.709530201312334,110.0,Lower-Middle,5416.0,0.02031019202363368,1.1,Medium
34,Male,No,0,Graduate,No,3600,0.0,80.0,360.0,1.0,Urban,N,8,8.188966863648876,0.0,4.394449154672439,80.0,Lower-Middle,3600.0,0.022222222222222223,0.6666666666666666,Low
35,Male,No,0,Graduate,No,1800,1213.0,47.0,360.0,1.0,Urban,Y,8,7.496097345175956,7.101675971619444,3.871201010907891,47.0,Low,3013.0,0.015599070693660804,0.39166666666666666,Low
36,Male,Yes,0,Graduate,No,2400,0.0,75.0,360.0,1.0,Urban,Y,8,7.783640596221253,0.0,4.330733340286331,75.0,Low,2400.0,0.03125,0.625,Low
37,Male,Yes,0,Graduate,No,3941,2336.0,134.0,360.0,1.0,Semiurban,Y,8,8.279443487712665,7.756623334538858,4.90527477843843,134.0,Upper-Middle,6277.0,0.021347777600764697,1.34,Medium
38,Male,Yes,0,Not Graduate,Yes,4695,0.0,96.0,360.0,1.0,Urban,Y,8,8.454466361507933,0.0,4.574710978503383,96.0,Upper-Middle,4695.0,0.020447284345047924,0.8,Low
39,Female,No,0,Graduate,No,3410,0.0,88.0,360.0,1.0,Urban,Y,8,8.134760782418645,0.0,4.48863636973214,88.0,Lower-Middle,3410.0,0.025806451612903226,0.7333333333333333,Low
40,Male,Yes,1,Graduate,No,5649,0.0,44.0,360.0,1.0,Urban,Y,8,8.639410824140487,0.0,3.8066624897703196,44.0,Upper-Middle,5649.0,0.007788989201628607,0.36666666666666664,Medium
41,Male,Yes,0,Graduate,No,5821,0.0,144.0,360.0,1.0,Urban,Y,8,8.669399124305569,0.0,4.976733742420574,144.0,High,5821.0,0.02473801752276241,1.2,Medium
42,Female,Yes,0,Graduate,No,2645,3440.0,120.0,360.0,0.0,Urban,N,8,7.880804344674901,8.14351740579748,4.795790545596741,120.0,Low,6085.0,0.01972062448644207,1.0,Medium
43,Female,No,0,Graduate,No,4000,2275.0,144.0,360.0,1.0,Semiurban,Y,8,8.294299608857235,7.730174795246222,4.976733742420574,144.0,Upper-Middle,6275.0,0.022948207171314742,1.44,Medium
44,Female,Yes,0,Not Graduate,No,1928,1644.0,100.0,360.0,1.0,Semiurban,Y,8,7.564757012905729,7.405495663199472,4.61512051684126,100.0,Low,3572.0,0.027995520716685332,1.0,Low
45,Female,No,0,Graduate,No,3086,0.0,120.0,360.0,1.0,Semiurban,Y,8,8.034955024502159,0.0,4.795790545596741,120.0,Lower-Middle,3086.0,0.03888528839922229,1.2,Low
46,Female,No,0,Graduate,No,4230,0.0,112.0,360.0,1.0,Semiurban,N,8,8.350193650720067,0.0,4.727387818712341,112.0,Upper-Middle,4230.0,0.026477541371158392,1.12,Low
47,Male,Yes,2,Graduate,No,4616,0.0,134.0,360.0,1.0,Urban,N,8,8.43750042250699,0.0,4.90527477843843,134.0,Upper-Middle,4616.0,0.02902946273830156,1.1166666666666667,Low
48,Female,Yes,1,Graduate,Yes,11500,0.0,286.0,360.0,0.0,Urban,N,9,9.350189267092581,0.0,5.659482215759621,266.875,High,11500.0,0.024869565217391306,2.3833333333333333,Very High
49,Male,Yes,2,Graduate,No,2708,1167.0,97.0,360.0,1.0,Semiurban,Y,8,7.904334842085095,7.0630481633881725,4.584967478670572,97.0,Low,3875.0,0.02503225806451613,0.97,Low
50,Male,Yes,0,Graduate,No,2132,1591.0,96.0,360.0,1.0,Semiurban,Y,8,7.665284718471351,7.3727463664043285,4.574710978503383,96.0,Low,3723.0,0.0257856567284448,0.96,Low
51,Male,Yes,0,Graduate,No,3366,2200.0,135.0,360.0,1.0,Rural,N,8,8.121777419161074,7.696667081526462,4.912654885736052,135.0,Lower-Middle,5566.0,0.024254401724757457,1.6875,Medium
52,Male,Yes,1,Graduate,No,8080,2250.0,180.0,360.0,1.0,Urban,Y,8,8.997270906233448,7.719129840906732,5.198497031265826,180.0,High,10330.0,0.017424975798644726,1.5,Very High
53,Male,Yes,2,Not Graduate,No,3357,2859.0,144.0,360.0,1.0,Urban,Y,8,8.119100837637486,7.958576903813898,4.976733742420574,144.0,Lower-Middle,6216.0,0.023166023166023165,1.2,Medium
54,Male,Yes,0,Graduate,No,2500,3796.0,120.0,360.0,1.0,Urban,Y,8,7.824445930877619,8.241966560231802,4.795790545596741,120.0,Low,6296.0,0.01905972045743329,1.0,Medium
55,Male,Yes,3+,Graduate,No,3029,0.0,99.0,360.0,1.0,Urban,Y,8,8.016317898503415,0.0,4.605170185988092,99.0,Lower-Middle,3029.0,0.03268405414328161,0.825,Low
56,Male,Yes,0,Not Graduate,Yes,2609,3449.0,165.0,180.0,0.0,Rural,N,8,7.867105500316739,8.146129510025405,5.111987788356544,165.0,Low,6058.0,0.02723671178606801,2.0625,Medium
57,Male,Yes,1,Graduate,No,4945,0.0,127.0,360.0,0.0,Rural,N,8,8.506334448081361,0.0,4.852030263919617,127.0,Upper-Middle,4945.0,0.025682507583417592,1.5875,Low
58,Female,No,0,Graduate,No,4166,0.0,116.0,360.0,0.0,Semiurban,N,8,8.334951631422454,0.0,4.762173934797756,116.0,Upper-Middle,4166.0,0.02784445511281805,1.16,Low
59,Male,Yes,0,Graduate,No,5726,4595.0,258.0,360.0,1.0,Semiurban,N,9,8.652947112393857,8.432941638968646,5.556828061699537,258.0,Upper-Middle,10321.0,0.024997577754093597,2.58,Very High
60,Male,No,0,Not Graduate,No,3200,2254.0,126.0,180.0,0.0,Urban,N,7,8.071218539969863,7.720905251936779,4.844187086458591,126.0,Lower-Middle,5454.0,0.0231023102310231,1.05,Medium
61,Male,Yes,1,Graduate,No,10750,0.0,312.0,360.0,1.0,Urban,Y,9,9.282754052485227,0.0,5.746203190540153,266.875,High,10750.0,0.02902325581395349,2.6,Very High
62,Male,Yes,3+,Not Graduate,Yes,7100,0.0,125.0,60.0,1.0,Urban,Y,7,8.867990898182093,0.0,4.836281906951478,125.0,High,7100.0,0.017605633802816902,1.0416666666666667,High
63,Female,No,0,Graduate,No,4300,0.0,136.0,360.0,0.0,Semiurban,N,8,8.366602832783736,0.0,4.919980925828125,136.0,Upper-Middle,4300.0,0.03162790697674418,1.36,Low
64,Male,Yes,0,Graduate,No,3208,3066.0,172.0,360.0,1.0,Urban,Y,8,8.073714641109857,8.028455164114252,5.153291594497779,172.0,Lower-Middle,6274.0,0.027414727446605038,1.4333333333333333,Medium
65,Male,Yes,2,Not Graduate,Yes,1875,1875.0,97.0,360.0,1.0,Semiurban,Y,8,7.53689712956617,7.53689712956617,4.584967478670572,97.0,Low,3750.0,0.025866666666666666,0.97,Low
66,Male,No,0,Graduate,No,3500,0.0,81.0,300.0,1.0,Semiurban,Y,8,8.160803920954665,0.0,4.406719247264253,81.0,Lower-Middle,3500.0,0.023142857142857142,0.81,Low
67,Male,Yes,3+,Not Graduate,No,4755,0.0,95.0,360.0,0.0,Semiurban,N,8,8.467162257810672,0.0,4.564348191467836,95.0,Upper-Middle,4755.0,0.019978969505783387,0.95,Low
68,Male,Yes,3+,Graduate,Yes,5266,1774.0,187.0,360.0,1.0,Semiurban,Y,8,8.569216219483389,7.4815557019095165,5.236441962829949,187.0,Upper-Middle,7040.0,0.0265625,1.87,High
69,Male,No,0,Graduate,No,3750,0.0,113.0,480.0,1.0,Urban,N,9,8.229777750081887,0.0,4.736198448394496,113.0,Lower-Middle,3750.0,0.030133333333333335,0.9416666666666667,Low
70,Male,No,0,Graduate,No,3750,4750.0,176.0,360.0,1.0,Urban,N,8,8.229777750081887,8.46611040118692,5.176149732573829,176.0,Lower-Middle,8500.0,0.020705882352941178,1.4666666666666666,High
71,Male,Yes,1,Graduate,Yes,1000,3022.0,110.0,360.0,1.0,Urban,N,8,6.90875477931522,8.014004994779459,4.709530201312334,110.0,Low,4022.0,0.02734957732471407,0.9166666666666666,Low
72,Male,Yes,3+,Graduate,No,3167,4000.0,180.0,300.0,0.0,Semiurban,N,8,8.060855752934316,8.294299608857235,5.198497031265826,180.0,Lower-Middle,7167.0,0.025115110925073254,1.8,High
73,Male,Yes,3+,Not Graduate,Yes,3333,2166.0,130.0,360.0,1.0,Semiurban,Y,8,8.111928063310739,7.681099001536359,4.875197323201151,130.0,Lower-Middle,5499.0,0.02364066193853428,1.3,Medium
74,Female,No,0,Graduate,No,3846,0.0,111.0,360.0,1.0,Semiurban,Y,8,8.255048902752295,0.0,4.718498871295094,111.0,Upper-Middle,3846.0,0.028861154446177848,1.11,Low
75,Male,Yes,1,Graduate,Yes,2395,0.0,127.0,360.0,1.0,Semiurban,Y,8,7.78155595923534,0.0,4.852030263919617,127.0,Low,2395.0,0.05302713987473904,1.27,Low
76,Female,Yes,2,Graduate,No,1378,1881.0,167.0,360.0,1.0,Urban,N,8,7.229113877793302,7.540090320145325,5.123963979403259,167.0,Low,3259.0,0.0512427124884934,1.3916666666666666,Low
77,Male,Yes,0,Graduate,No,6000,2250.0,265.0,360.0,1.0,Semiurban,N,9,8.699681400989514,7.719129840906732,5.583496308781699,265.0,High,8250.0,0.03212121212121212,2.65,High
78,Male,Yes,1,Graduate,No,3988,0.0,50.0,240.0,1.0,Urban,Y,7,8.291295851905407,0.0,3.9318256327243257,50.0,Upper-Middle,3988.0,0.012537612838515547,0.4166666666666667,Low
79,Male,No,0,Graduate,No,2366,2531.0,136.0,360.0,1.0,Semiurban,Y,8,7.769378609513984,7.836764783264067,4.919980925828125,136.0,Low,4897.0,0.027772105370635083,1.36,Low
80,Male,Yes,2,Not Graduate,No,3333,2000.0,99.0,360.0,1.0,Semiurban,Y,8,8.111928063310739,7.601402334583733,4.605170185988092,99.0,Lower-Middle,5333.0,0.0185636602287643,0.99,Medium
81,Male,Yes,0,Graduate,No,2500,2118.0,104.0,360.0,1.0,Semiurban,Y,8,7.824445930877619,7.6586995582682995,4.653960350157523,104.0,Low,4618.0,0.02252057167605024,1.04,Low
82,Male,No,0,Graduate,No,8566,0.0,210.0,360.0,1.0,Urban,Y,9,9.055672891964043,0.0,5.351858133476067,210.0,High,8566.0,0.02451552650011674,1.75,High
83,Male,Yes,0,Graduate,No,5695,4167.0,175.0,360.0,1.0,Semiurban,Y,8,8.647519453091812,8.335191583433202,5.170483995038151,175.0,Upper-Middle,9862.0,0.017744879334820524,1.75,Very High
84,Male,Yes,0,Graduate,No,2958,2900.0,131.0,360.0,1.0,Semiurban,Y,8,7.99260665240021,7.972810784121404,4.882801922586371,131.0,Lower-Middle,5858.0,0.022362581085694777,1.31,Medium
85,Male,Yes,2,Graduate,No,6250,5654.0,188.0,180.0,1.0,Semiurban,Y,8,8.740496729931813,8.640295388550221,5.241747015059643,188.0,High,11904.0,0.015793010752688172,1.88,Very High
86,Male,Yes,2,Not Graduate,No,3273,1820.0,81.0,360.0,1.0,Urban,Y,8,8.09376775793108,7.507141079727608,4.406719247264253,81.0,Lower-Middle,5093.0,0.015904182210877676,0.675,Medium
87,Male,No,0,Graduate,No,4133,0.0,122.0,360.0,1.0,Semiurban,Y,8,8.327000740241713,0.0,4.812184355372417,122.0,Upper-Middle,4133.0,0.029518509557222357,1.22,Low
88,Male,No,0,Not Graduate,No,3620,0.0,25.0,120.0,1.0,Semiurban,Y,7,8.19450550976564,0.0,3.258096538021482,25.0,Lower-Middle,3620.0,0.006906077348066298,0.25,Low
89,Female,Yes,0,Graduate,No,2484,2302.0,137.0,360.0,1.0,Semiurban,Y,8,7.818027938530729,7.741967899820685,4.927253685157205,137.0,Low,4786.0,0.028625156707062265,1.37,Low
90,Male,Yes,0,Graduate,No,1977,997.0,50.0,360.0,1.0,Semiurban,Y,8,7.589841512182657,6.905753276311464,3.9318256327243257,50.0,Low,2974.0,0.016812373907195696,0.5,Low
91,Male,Yes,0,Not Graduate,No,4188,0.0,115.0,180.0,1.0,Semiurban,Y,7,8.340217320947035,0.0,4.7535901911063645,115.0,Upper-Middle,4188.0,0.027459407831900668,1.15,Low
92,Male,Yes,0,Graduate,No,1759,3541.0,131.0,360.0,1.0,Semiurban,Y,8,7.473069088032197,8.17244681834278,4.882801922586371,131.0,Low,5300.0,0.02471698113207547,1.31,Medium
93,Male,Yes,2,Not Graduate,No,4288,3263.0,133.0,180.0,1.0,Urban,Y,7,8.36380888451688,8.090708716083997,4.897839799950911,133.0,Upper-Middle,7551.0,0.01761356111773275,1.1083333333333334,High
94,Male,No,0,Graduate,No,4843,3806.0,151.0,360.0,1.0,Semiurban,Y,8,8.485496104672983,8.244596756382498,5.0238805208462765,151.0,Upper-Middle,8649.0,0.017458665741704245,1.51,High
95,Male,Yes,0,Graduate,No,4652,3583.0,127.0,360.0,1.0,Semiurban,Y,8,8.445267451844648,8.18423477409482,4.852030263919617,127.0,Upper-Middle,8235.0,0.015421979356405586,1.27,High
96,Male,Yes,1,Graduate,No,3052,1030.0,100.0,360.0,1.0,Urban,Y,8,8.023879992734878,6.93828448401696,4.61512051684126,100.0,Lower-Middle,4082.0,0.02449779519843214,0.8333333333333334,Low
97,Male,Yes,2,Graduate,No,11417,1126.0,225.0,360.0,1.0,Urban,Y,9,9.342946336524205,7.027314514039777,5.420534999272286,225.0,High,12543.0,0.01793829227457546,1.875,Very High
98,Male,Yes,2,Graduate,No,3800,3600.0,216.0,360.0,0.0,Urban,N,9,8.24301946898925,8.188966863648876,5.37989735354046,216.0,Lower-Middle,7400.0,0.02918918918918919,1.8,High
99,Male,Yes,3+,Not Graduate,No,2071,754.0,94.0,480.0,1.0,Semiurban,Y,9,7.6362696033793735,6.626717749249025,4.553876891600541,94.0,Low,2825.0,0.03327433628318584,0.94,Low
100,Male,No,0,Graduate,No,5316,0.0,136.0,360.0,1.0,Urban,Y,8,8.57866451350434,0.0,4.919980925828125,136.0,Upper-Middle,5316.0,0.025583145221971408,1.1333333333333333,Medium
101,Male,Yes,0,Not Graduate,No,3572,4114.0,152.0,360.0,0.0,Rural,N,8,8.181160858023409,8.32239411311117,5.030437921392435,152.0,Lower-Middle,7686.0,0.019776216497527973,1.9,High
102,Female,No,1,Graduate,Yes,7451,0.0,127.0,360.0,1.0,Semiurban,Y,8,8.916237731721479,0.0,4.852030263919617,127.0,High,7451.0,0.017044691987652665,1.27,High
103,Male,Yes,1,Graduate,No,14583,0.0,185.0,180.0,1.0,Rural,Y,8,9.5876803163585,0.0,5.225746673713202,185.0,High,14583.0,0.012686004251525749,2.3125,Very High
104,Female,Yes,0,Graduate,No,3167,2283.0,154.0,360.0,1.0,Semiurban,Y,8,8.060855752934316,7.7336835707759,5.043425116919247,154.0,Lower-Middle,5450.0,0.028256880733944955,1.54,Medium
105,Male,Yes,1,Graduate,No,2214,1398.0,85.0,360.0,1.0,Urban,Y,8,7.703007682479236,7.243512974665482,4.454347296253507,85.0,Low,3612.0,0.02353266888150609,0.7083333333333334,Low
106,Male,Yes,0,Graduate,No,5568,2142.0,175.0,360.0,1.0,Rural,N,8,8.624970783589669,7.669961995473577,5.170483995038151,175.0,Upper-Middle,7710.0,0.022697795071335927,2.1875,High
107,Female,No,0,Graduate,No,10408,0.0,259.0,360.0,1.0,Urban,Y,9,9.250426095515468,0.0,5.560681631015528,259.0,High,10408.0,0.024884704073789392,2.158333333333333,Very High
108,Female,No,0,Graduate,No,4166,0.0,44.0,360.0,1.0,Semiurban,Y,8,8.334951631422454,0.0,3.8066624897703196,44.0,Upper-Middle,4166.0,0.01056168987037926,0.44,Low
109,Female,No,0,Graduate,No,2137,8980.0,137.0,360.0,0.0,Semiurban,Y,8,7.6676260915849905,9.10286651367095,4.927253685157205,137.0,Low,11117.0,0.01232346856166232,1.37,Very High
110,Male,Yes,2,Graduate,No,2957,0.0,81.0,360.0,1.0,Semiurban,Y,8,7.992268643270745,0.0,4.406719247264253,81.0,Lower-Middle,2957.0,0.027392627663172135,0.81,Low
111,Male,Yes,0,Not Graduate,No,4300,2014.0,194.0,360.0,1.0,Rural,Y,9,8.366602832783736,7.608374474380783,5.272999558563747,194.0,Upper-Middle,6314.0,0.030725372188786824,2.425,Medium
112,Female,No,0,Graduate,No,3692,0.0,93.0,360.0,1.0,Rural,Y,8,8.214194414852564,0.0,4.543294782270004,93.0,Lower-Middle,3692.0,0.025189599133261104,1.1625,Low
113,Male,No,0,Graduate,No,3865,1640.0,127.0,360.0,1.0,Rural,Y,8,8.259975659768276,7.403061091090091,4.852030263919617,127.0,Upper-Middle,5505.0,0.02306993642143506,1.5875,Medium
114,Male,Yes,1,Graduate,Yes,10513,3850.0,160.0,180.0,0.0,Urban,N,7,9.260462981379394,8.25608813381491,5.081404364984463,160.0,High,14363.0,0.011139734038849823,1.3333333333333333,Very High
115,Male,Yes,0,Graduate,No,6080,2569.0,182.0,360.0,1.0,Rural,N,8,8.71292443512011,7.851661177889265,5.209486152841421,182.0,High,8649.0,0.021042895132385248,2.275,High
116,Male,No,0,Graduate,Yes,20166,0.0,650.0,480.0,1.0,Urban,Y,12,9.911802884139842,0.0,6.478509642208569,266.875,High,20166.0,0.03223247049489239,5.416666666666667,Very High
117,Male,No,0,Graduate,No,2014,1929.0,74.0,360.0,1.0,Urban,Y,8,7.608374474380783,7.5652752818989315,4.31748811353631,74.0,Low,3943.0,0.018767435962465127,0.6166666666666667,Low
118,Male,No,0,Graduate,No,2718,0.0,70.0,360.0,1.0,Semiurban,Y,8,7.908019444632471,0.0,4.2626798770413155,70.0,Low,2718.0,0.025754231052244298,0.7,Low
119,Male,Yes,0,Graduate,Yes,3459,0.0,25.0,120.0,1.0,Semiurban,Y,7,8.14902386805177,0.0,3.258096538021482,25.0,Lower-Middle,3459.0,0.007227522405319456,0.25,Low
120,Male,No,0,Graduate,No,4895,0.0,102.0,360.0,1.0,Semiurban,Y,8,8.496173824192162,0.0,4.634728988229636,102.0,Upper-Middle,4895.0,0.020837589376915218,1.02,Low
121,Male,Yes,3+,Graduate,No,4000,7750.0,290.0,360.0,1.0,Semiurban,N,9,8.294299608857235,8.955577146281511,5.673323267171493,266.875,Upper-Middle,11750.0,0.02468085106382979,2.9,Very High
122,Female,Yes,0,Graduate,No,4583,0.0,84.0,360.0,1.0,Rural,N,8,8.430327258394575,0.0,4.442651256490317,84.0,Upper-Middle,4583.0,0.0183286057167794,1.05,Low
123,Male,Yes,2,Graduate,Yes,3316,3500.0,88.0,360.0,1.0,Urban,Y,8,8.106816038947052,8.160803920954665,4.48863636973214,88.0,Lower-Middle,6816.0,0.012910798122065728,0.7333333333333333,Medium
124,Male,No,0,Graduate,No,14999,0.0,242.0,360.0,0.0,Semiurban,N,9,9.615805480084347,0.0,5.493061443340548,242.0,High,14999.0,0.016134408960597372,2.42,Very High
125,Male,Yes,2,Not Graduate,No,4200,1430.0,129.0,360.0,1.0,Rural,N,8,8.343077871169383,7.266128779556451,4.867534450455582,129.0,Upper-Middle,5630.0,0.022912966252220248,1.6125,Medium
126,Male,Yes,2,Graduate,No,5042,2083.0,185.0,360.0,1.0,Rural,N,8,8.525756422076725,7.642044402873258,5.225746673713202,185.0,Upper-Middle,7125.0,0.025964912280701753,2.3125,High
127,Male,No,0,Graduate,No,5417,0.0,168.0,360.0,1.0,Urban,Y,8,8.59748202264504,0.0,5.1298987149230735,168.0,Upper-Middle,5417.0,0.031013476093778844,1.4,Medium
128,Male,No,0,Graduate,Yes,6950,0.0,175.0,180.0,1.0,Semiurban,Y,8,8.846640813100485,0.0,5.170483995038151,175.0,High,6950.0,0.025179856115107913,1.75,Medium
129,Male,Yes,0,Graduate,No,2698,2034.0,122.0,360.0,1.0,Semiurban,Y,8,7.900636613018005,7.618251097876695,4.812184355372417,122.0,Low,4732.0,0.02578191039729501,1.22,Low
130,Male,Yes,2,Graduate,No,11757,0.0,187.0,180.0,1.0,Urban,Y,8,9.3722891389622,0.0,5.236441962829949,187.0,High,11757.0,0.01590541804882198,1.5583333333333333,Very High
131,Female,Yes,0,Graduate,No,2330,4486.0,100.0,360.0,1.0,Semiurban,Y,8,7.754052639035757,8.408939605975984,4.61512051684126,100.0,Low,6816.0,0.014671361502347418,1.0,Medium
132,Female,Yes,2,Graduate,No,14866,0.0,70.0,360.0,1.0,Urban,Y,8,9.60689927061335,0.0,4.2626798770413155,70.0,High,14866.0,0.0047087313332436435,0.5833333333333334,Very High
133,Male,Yes,1,Graduate,No,1538,1425.0,30.0,360.0,1.0,Urban,Y,8,7.338888133838879,7.262628600974241,3.4339872044851463,30.0,Low,2963.0,0.010124873439082012,0.25,Low
134,Female,No,0,Graduate,No,10000,1666.0,225.0,360.0,1.0,Rural,N,9,9.210440366976517,7.418780882750794,5.420534999272286,225.0,High,11666.0,0.019286816389507973,2.8125,Very High
135,Male,Yes,0,Graduate,No,4860,830.0,125.0,360.0,1.0,Semiurban,Y,8,8.488999457045455,6.7226297948554485,4.836281906951478,125.0,Upper-Middle,5690.0,0.021968365553602813,1.25,Medium
136,Male,No,0,Graduate,No,6277,0.0,118.0,360.0,0.0,Rural,N,8,8.744806737401898,0.0,4.77912349311153,118.0,High,6277.0,0.018798789230524134,1.475,Medium
137,Male,Yes,0,Graduate,Yes,2577,3750.0,152.0,360.0,1.0,Rural,Y,8,7.8547691834991324,8.229777750081887,5.030437921392435,152.0,Low,6327.0,0.024024024024024024,1.9,Medium
138,Male,No,0,Graduate,No,9166,0.0,244.0,360.0,1.0,Urban,N,9,9.123365357961776,0.0,5.501258210544727,244.0,High,9166.0,0.026620117826751038,2.033333333333333,Very High
139,Male,Yes,2,Not Graduate,No,2281,0.0,113.0,360.0,1.0,Rural,N,8,7.732807530422021,0.0,4.736198448394496,113.0,Low,2281.0,0.049539675580885574,1.4125,Low
140,Male,No,0,Graduate,No,3254,0.0,50.0,360.0,1.0,Urban,Y,8,8.08794755464267,0.0,3.9318256327243257,50.0,Lower-Middle,3254.0,0.015365703749231715,0.4166666666666667,Low
141,Male,Yes,3+,Graduate,No,39999,0.0,600.0,180.0,0.0,Semiurban,Y,9,10.596634733096073,0.0,6.398594934535208,266.875,High,39999.0,0.015000375009375235,6.0,Very High
142,Male,Yes,1,Graduate,No,6000,0.0,160.0,360.0,1.0,Rural,Y,8,8.699681400989514,0.0,5.081404364984463,160.0,High,6000.0,0.02666666666666667,2.0,Medium
143,Male,Yes,1,Graduate,No,9538,0.0,187.0,360.0,1.0,Urban,Y,8,9.163143937145207,0.0,5.236441962829949,187.0,High,9538.0,0.019605787376808556,1.5583333333333333,Very High
144,Male,Yes,0,Graduate,No,4583,5625.0,255.0,360.0,1.0,Semiurban,Y,9,8.430327258394575,8.635153989049803,5.545177444479562,255.0,Upper-Middle,10208.0,0.02498040752351097,2.55,Very High
145,Male,Yes,0,Not Graduate,No,1863,1041.0,98.0,360.0,1.0,Semiurban,Y,8,7.530479995245536,6.948897222313312,4.59511985013459,98.0,Low,2904.0,0.0337465564738292,0.98,Low
146,Male,Yes,0,Graduate,No,7933,0.0,275.0,360.0,1.0,Urban,N,9,8.978912601074276,0.0,5.62040086571715,266.875,High,7933.0,0.03466532207235598,2.2916666666666665,High
147,Male,Yes,1,Graduate,No,3089,1280.0,121.0,360.0,0.0,Semiurban,N,8,8.035926369891792,7.155396301896734,4.804021044733257,121.0,Lower-Middle,4369.0,0.027695124742504004,1.21,Low
148,Male,Yes,2,Graduate,No,4167,1447.0,158.0,360.0,1.0,Rural,Y,8,8.335191583433202,7.277938572945661,5.0689042022202315,158.0,Upper-Middle,5614.0,0.028143925899536872,1.975,Medium
149,Male,Yes,0,Graduate,No,9323,0.0,75.0,180.0,1.0,Urban,Y,7,9.140347000155648,0.0,4.330733340286331,75.0,High,9323.0,0.008044620830204869,0.625,Very High
150,Male,Yes,0,Graduate,No,3707,3166.0,182.0,360.0,1.0,Rural,Y,8,8.218247926685745,8.06054004653864,5.209486152841421,182.0,Lower-Middle,6873.0,0.02648043067074058,2.275,Medium
151,Female,Yes,0,Graduate,No,4583,0.0,112.0,360.0,1.0,Rural,N,8,8.430327258394575,0.0,4.727387818712341,112.0,Upper-Middle,4583.0,0.02443814095570587,1.4,Low
152,Male,Yes,0,Graduate,No,2439,3333.0,129.0,360.0,1.0,Rural,Y,8,7.799753318287247,8.111928063310739,4.867534450455582,129.0,Low,5772.0,0.02234927234927235,1.6125,Medium
153,Male,No,0,Graduate,No,2237,0.0,63.0,480.0,0.0,Semiurban,N,8,7.71333788887187,0.0,4.1588830833596715,63.0,Low,2237.0,0.028162717925793473,0.63,Low
154,Male,Yes,2,Graduate,No,8000,0.0,200.0,360.0,1.0,Semiurban,Y,9,8.987321812850125,0.0,5.303304908059076,200.0,High,8000.0,0.025,2.0,High
155,Male,Yes,3+,Not Graduate,No,3522,0.0,81.0,180.0,1.0,Rural,N,7,8.167068178341237,0.0,4.406719247264253,81.0,Lower-Middle,3522.0,0.022998296422487224,1.0125,Low
156,Male,Yes,0,Graduate,No,5708,5625.0,187.0,360.0,1.0,Semiurban,Y,8,8.64979915596426,8.635153989049803,5.236441962829949,187.0,Upper-Middle,11333.0,0.016500485308391422,1.87,Very High
157,Male,Yes,0,Not Graduate,Yes,4344,736.0,87.0,360.0,1.0,Semiurban,N,8,8.376781037699493,6.602587892189336,4.477336814478207,87.0,Upper-Middle,5080.0,0.017125984251968505,0.87,Medium
158,Male,Yes,0,Graduate,No,3497,1964.0,116.0,360.0,1.0,Rural,Y,8,8.159946655578548,7.583247524303362,4.762173934797756,116.0,Lower-Middle,5461.0,0.021241530855154733,1.45,Medium
159,Male,Yes,2,Graduate,No,2045,1619.0,101.0,360.0,1.0,Rural,Y,8,7.6236419465115715,7.3901814282264295,4.624972813284271,101.0,Low,3664.0,0.027565502183406112,1.2625,Low
160,Male,Yes,3+,Graduate,No,5516,11300.0,495.0,360.0,0.0,Semiurban,N,10,8.61558951327243,9.332646496360152,6.206575926724928,266.875,Upper-Middle,16816.0,0.029436251189343482,4.95,Very High
161,Male,Yes,1,Graduate,No,3750,0.0,116.0,360.0,1.0,Semiurban,Y,8,8.229777750081887,0.0,4.762173934797756,116.0,Lower-Middle,3750.0,0.030933333333333334,1.16,Low
162,Male,No,0,Not Graduate,No,2333,1451.0,102.0,480.0,0.0,Urban,N,9,7.755338812846501,7.280697195384741,4.634728988229636,102.0,Low,3784.0,0.026955602536997886,0.85,Low
163,Male,Yes,1,Graduate,No,6400,7250.0,180.0,360.0,0.0,Urban,N,8,8.764209507142004,8.888894669371593,5.198497031265826,180.0,High,13650.0,0.013186813186813187,1.5,Very High
164,Male,No,0,Graduate,No,1916,5063.0,67.0,360.0,1.0,Rural,N,8,7.558516743045645,8.529911963824013,4.219507705176107,67.0,Low,6979.0,0.00960022925920619,0.8375,Medium
165,Male,Yes,0,Graduate,No,4600,0.0,73.0,180.0,1.0,Semiurban,Y,7,8.434028950155469,0.0,4.30406509320417,73.0,Upper-Middle,4600.0,0.015869565217391305,0.73,Low
166,Male,Yes,1,Graduate,No,33846,0.0,260.0,360.0,1.0,Semiurban,N,8,10.429605648120413,0.0,5.564520407322694,260.0,High,33846.0,0.00768185309933227,2.6,Very High
167,Female,Yes,0,Graduate,No,3625,0.0,108.0,360.0,1.0,Semiurban,Y,8,8.195885391314796,0.0,4.6913478822291435,108.0,Lower-Middle,3625.0,0.029793103448275862,1.08,Low
168,Male,Yes,0,Graduate,Yes,39147,4750.0,120.0,360.0,1.0,Semiurban,Y,7,10.57510461454571,8.46611040118692,4.795790545596741,120.0,High,43897.0,0.0027336720049206094,1.2,Very High
169,Male,Yes,1,Graduate,Yes,2178,0.0,66.0,300.0,0.0,Rural,N,8,7.68662133494462,0.0,4.204692619390966,66.0,Low,2178.0,0.030303030303030304,0.825,Low
170,Male,Yes,0,Graduate,No,2383,2138.0,58.0,360.0,1.0,Rural,Y,8,7.776535028185241,7.668093709082406,4.07753744390572,58.0,Low,4521.0,0.012829020128290201,0.725,Low
171,Male,Yes,0,Graduate,No,9328,0.0,188.0,180.0,1.0,Rural,Y,8,9.140883106960962,0.0,5.241747015059643,188.0,High,9328.0,0.020154373927958835,2.35,Very High
172,Male,No,0,Not Graduate,No,4885,0.0,48.0,360.0,1.0,Rural,Y,8,8.494129251817686,0.0,3.8918202981106265,48.0,Upper-Middle,4885.0,0.009825997952917094,0.6,Low
173,Male,No,0,Graduate,No,12000,0.0,164.0,360.0,1.0,Semiurban,N,8,9.392745258631441,0.0,5.10594547390058,164.0,High,12000.0,0.013666666666666667,1.64,Very High
174,Male,Yes,0,Not Graduate,No,6033,0.0,160.0,360.0,1.0,Urban,N,8,8.705165419719007,0.0,5.081404364984463,160.0,High,6033.0,0.026520802254268193,1.3333333333333333,Medium
175,Male,No,0,Graduate,No,3858,0.0,76.0,360.0,1.0,Semiurban,Y,8,8.258163361537619,0.0,4.343805421853684,76.0,Upper-Middle,3858.0,0.019699326075686883,0.76,Low
176,Male,No,0,Graduate,No,4191,0.0,120.0,360.0,1.0,Rural,Y,8,8.340933226000878,0.0,4.795790545596741,120.0,Upper-Middle,4191.0,0.02863278453829635,1.5,Low
177,Male,Yes,1,Graduate,No,3125,2583.0,170.0,360.0,1.0,Semiurban,N,8,8.047509510981422,7.857093864902493,5.14166355650266,170.0,Lower-Middle,5708.0,0.029782761037140854,1.7,Medium
178,Male,No,0,Graduate,No,8333,3750.0,187.0,360.0,1.0,Rural,Y,8,9.0280988119824,8.229777750081887,5.236441962829949,187.0,High,12083.0,0.015476289001075892,2.3375,Very High
179,Female,No,0,Not Graduate,No,1907,2365.0,120.0,360.0,1.0,Urban,Y,8,7.553810852008231,7.768956044538332,4.795790545596741,120.0,Low,4272.0,0.028089887640449437,1.0,Low
180,Female,Yes,0,Graduate,No,3416,2816.0,113.0,360.0,1.0,Semiurban,Y,8,8.136518252115291,7.943427767876373,4.736198448394496,113.0,Lower-Middle,6232.0,0.01813222079589217,1.13,Medium
181,Male,No,0,Graduate,Yes,11000,0.0,83.0,360.0,1.0,Urban,N,8,9.305741456739435,0.0,4.430816798843313,83.0,High,11000.0,0.007545454545454545,0.6916666666666667,Very High
182,Male,Yes,1,Not Graduate,No,2600,2500.0,90.0,360.0,1.0,Semiurban,Y,8,7.8636512654486515,7.824445930877619,4.51085950651685,90.0,Low,5100.0,0.01764705882352941,0.9,Medium
183,Male,No,2,Graduate,No,4923,0.0,166.0,360.0,0.0,Semiurban,Y,8,8.501876487304344,0.0,5.117993812416755,166.0,Upper-Middle,4923.0,0.03371927686370099,1.66,Low
184,Male,Yes,3+,Not Graduate,No,3992,0.0,127.0,180.0,1.0,Urban,N,7,8.292298107063221,0.0,4.852030263919617,127.0,Upper-Middle,3992.0,0.031813627254509015,1.0583333333333333,Low
185,Male,Yes,1,Not Graduate,No,3500,1083.0,135.0,360.0,1.0,Urban,Y,8,8.160803920954665,6.988413181999592,4.912654885736052,135.0,Lower-Middle,4583.0,0.029456687759109753,1.125,Low
186,Male,Yes,2,Not Graduate,No,3917,0.0,124.0,360.0,1.0,Semiurban,Y,8,8.273336598504486,0.0,4.8283137373023015,124.0,Upper-Middle,3917.0,0.03165688026550932,1.24,Low
187,Female,No,0,Not Graduate,No,4408,0.0,120.0,360.0,1.0,Semiurban,Y,8,8.391403185357937,0.0,4.795790545596741,120.0,Upper-Middle,4408.0,0.02722323049001815,1.2,Low
188,Female,No,0,Graduate,No,3244,0.0,80.0,360.0,1.0,Urban,Y,8,8.08487062913819,0.0,4.394449154672439,80.0,Lower-Middle,3244.0,0.02466091245376079,0.6666666666666666,Low
189,Male,No,0,Not Graduate,No,3975,2531.0,55.0,360.0,1.0,Rural,Y,8,8.288031567776464,7.836764783264067,4.02535169073515,55.0,Upper-Middle,6506.0,0.008453735013833385,0.6875,Medium
190,Male,No,0,Graduate,No,2479,0.0,59.0,360.0,1.0,Urban,Y,8,7.8160138391590275,0.0,4.0943445622221,59.0,Low,2479.0,0.02379991932230738,0.49166666666666664,Low
191,Male,No,0,Graduate,No,3418,0.0,127.0,360.0,1.0,Semiurban,N,8,8.137103389639302,0.0,4.852030263919617,127.0,Lower-Middle,3418.0,0.0371562317144529,1.27,Low
192,Female,No,0,Graduate,No,10000,0.0,214.0,360.0,1.0,Semiurban,N,9,9.210440366976517,0.0,5.3706380281276624,214.0,High,10000.0,0.0214,2.14,Very High
193,Male,Yes,3+,Graduate,No,3430,1250.0,128.0,360.0,0.0,Semiurban,N,8,8.14060704285845,7.1316985104669115,4.859812404361672,128.0,Lower-Middle,4680.0,0.02735042735042735,1.28,Low
194,Male,Yes,1,Graduate,Yes,7787,0.0,240.0,360.0,1.0,Urban,Y,9,8.960339366492091,0.0,5.484796933490655,240.0,High,7787.0,0.030820598433286245,2.0,High
195,Male,Yes,3+,Not Graduate,Yes,5703,0.0,130.0,360.0,1.0,Rural,Y,8,8.648922962094131,0.0,4.875197323201151,130.0,Upper-Middle,5703.0,0.02279502016482553,1.625,Medium
196,Male,Yes,0,Graduate,No,3173,3021.0,137.0,360.0,1.0,Urban,Y,8,8.062747901086354,8.013674142832684,4.927253685157205,137.0,Lower-Middle,6194.0,0.022118178882789795,1.1416666666666666,Medium
197,Male,Yes,3+,Not Graduate,No,3850,983.0,100.0,360.0,1.0,Semiurban,Y,8,8.25608813381491,6.891625897052253,4.61512051684126,100.0,Upper-Middle,4833.0,0.02069108214359611,1.0,Low
198,Male,Yes,0,Graduate,No,150,1800.0,135.0,360.0,1.0,Rural,N,8,5.017279836814924,7.496097345175956,4.912654885736052,135.0,Low,1950.0,0.06923076923076923,1.6875,Low
199,Male,Yes,0,Graduate,No,3727,1775.0,131.0,360.0,1.0,Semiurban,Y,8,8.223627175805483,7.4821189235521155,4.882801922586371,131.0,Lower-Middle,5502.0,0.023809523809523808,1.31,Medium
200,Female,Yes,2,Graduate,No,4283,2383.0,127.0,360.0,1.0,Semiurban,Y,8,8.36264243156764,7.776535028185241,4.852030263919617,127.0,Upper-Middle,6666.0,0.019051905190519053,1.27,Medium
201,Male,Yes,0,Graduate,No,2221,0.0,60.0,360.0,0.0,Urban,N,8,7.706162970199576,0.0,4.110873864173311,60.0,Low,2221.0,0.0270148581719946,0.5,Low
202,Male,Yes,2,Graduate,No,4009,1717.0,116.0,360.0,1.0,Semiurban,Y,8,8.296546520300614,7.4489161025442,4.762173934797756,116.0,Upper-Middle,5726.0,0.020258470136220747,1.16,Medium
203,Male,No,0,Graduate,No,2971,2791.0,144.0,360.0,1.0,Semiurban,Y,8,7.99699040583765,7.934513463882263,4.976733742420574,144.0,Lower-Middle,5762.0,0.024991322457480043,1.44,Medium
204,Male,Yes,0,Graduate,No,7578,1010.0,175.0,360.0,1.0,Semiurban,Y,8,8.93313654381203,6.918695219020472,5.170483995038151,175.0,High,8588.0,0.0203772706101537,1.75,High
205,Male,Yes,0,Graduate,No,6250,0.0,128.0,360.0,1.0,Semiurban,Y,8,8.740496729931813,0.0,4.859812404361672,128.0,High,6250.0,0.02048,1.28,Medium
206,Male,Yes,0,Graduate,No,3250,0.0,170.0,360.0,1.0,Rural,N,8,8.086717920303906,0.0,5.14166355650266,170.0,Lower-Middle,3250.0,0.052307692307692305,2.125,Low
207,Male,Yes,2,Graduate,No,6250,1695.0,210.0,360.0,1.0,Semiurban,Y,9,8.740496729931813,7.4360278163518485,5.351858133476067,210.0,High,7945.0,0.02643171806167401,2.1,High
208,Male,No,0,Graduate,Yes,6400,0.0,200.0,360.0,1.0,Rural,Y,9,8.764209507142004,0.0,5.303304908059076,200.0,High,6400.0,0.03125,2.5,Medium
209,Male,Yes,1,Graduate,No,2491,2054.0,104.0,360.0,1.0,Semiurban,Y,8,7.820840879907344,7.628031126930335,4.653960350157523,104.0,Low,4545.0,0.02288228822882288,1.04,Low
210,Male,No,0,Not Graduate,No,3189,2598.0,120.0,360.0,1.0,Rural,Y,8,8.06777619577889,7.8628820346414905,4.795790545596741,120.0,Lower-Middle,5787.0,0.020736132711249352,1.5,Medium
211,Female,No,0,Graduate,No,8333,0.0,280.0,360.0,1.0,Semiurban,Y,9,9.0280988119824,0.0,5.638354669333745,266.875,High,8333.0,0.03360134405376215,2.8,High
212,Male,Yes,1,Graduate,No,3155,1779.0,140.0,360.0,1.0,Semiurban,Y,8,8.057060681965766,7.484368643286131,4.948759890378168,140.0,Lower-Middle,4934.0,0.02837454398054317,1.4,Low
213,Male,Yes,1,Graduate,No,5500,1260.0,170.0,360.0,1.0,Rural,Y,8,8.612685172875459,7.13966033596492,5.14166355650266,170.0,Upper-Middle,6760.0,0.02514792899408284,2.125,Medium
214,Female,No,0,Graduate,Yes,3463,0.0,122.0,360.0,1.0,Urban,Y,8,8.150179269682326,0.0,4.812184355372417,122.0,Lower-Middle,3463.0,0.03522956973722206,1.0166666666666666,Low
215,Female,No,1,Graduate,No,3812,0.0,112.0,360.0,1.0,Rural,Y,8,8.246171559857563,0.0,4.727387818712341,112.0,Lower-Middle,3812.0,0.02938090241343127,1.4,Low
216,Male,Yes,1,Graduate,No,3315,0.0,96.0,360.0,1.0,Semiurban,Y,8,8.106514516255185,0.0,4.574710978503383,96.0,Lower-Middle,3315.0,0.02895927601809955,0.96,Low
217,Male,Yes,2,Graduate,No,5819,5000.0,120.0,360.0,1.0,Rural,Y,8,8.669055540725484,8.517393171418904,4.795790545596741,120.0,High,10819.0,0.01109159811442832,1.5,Very High
218,Male,Yes,1,Not Graduate,No,2510,1983.0,140.0,180.0,1.0,Urban,N,8,7.828436359157585,7.592870287844818,4.948759890378168,140.0,Low,4493.0,0.031159581571333184,1.1666666666666667,Low
219,Male,No,0,Graduate,No,2965,5701.0,155.0,60.0,1.0,Urban,Y,7,7.994969522697877,8.648572269472618,5.049856007249537,155.0,Lower-Middle,8666.0,0.017885991230094624,1.2916666666666667,High
220,Male,Yes,2,Graduate,Yes,6250,1300.0,108.0,360.0,1.0,Rural,Y,8,8.740496729931813,7.170888478512505,4.6913478822291435,108.0,High,7550.0,0.014304635761589404,1.35,High
221,Male,Yes,0,Not Graduate,No,3406,4417.0,123.0,360.0,1.0,Semiurban,Y,8,8.133587417660966,8.393442383980062,4.820281565605037,123.0,Lower-Middle,7823.0,0.01572286846478333,1.23,High
222,Male,No,0,Graduate,Yes,6050,4333.0,120.0,180.0,1.0,Urban,N,7,8.707978826622321,8.374246182096304,4.795790545596741,120.0,High,10383.0,0.011557353366079168,1.0,Very High
223,Male,Yes,2,Graduate,No,9703,0.0,112.0,360.0,1.0,Urban,Y,8,9.180293450623886,0.0,4.727387818712341,112.0,High,9703.0,0.011542821807688343,0.9333333333333333,Very High
224,Male,Yes,1,Not Graduate,No,6608,0.0,137.0,180.0,1.0,Urban,Y,7,8.796187635470453,0.0,4.927253685157205,137.0,High,6608.0,0.020732445520581115,1.1416666666666666,Medium
225,Male,Yes,1,Graduate,No,2882,1843.0,123.0,480.0,1.0,Semiurban,Y,9,7.9665866976384025,7.519692404116539,4.820281565605037,123.0,Lower-Middle,4725.0,0.02603174603174603,1.23,Low
226,Male,Yes,0,Graduate,No,1809,1868.0,90.0,360.0,1.0,Urban,Y,8,7.501082124259871,7.533158807455563,4.51085950651685,90.0,Low,3677.0,0.024476475387544192,0.75,Low
227,Male,Yes,0,Not Graduate,No,1668,3890.0,201.0,360.0,0.0,Semiurban,N,9,7.419979923661835,8.266421472984554,5.308267697401205,201.0,Low,5558.0,0.0361640878013674,2.01,Medium
228,Female,No,2,Graduate,No,3427,0.0,138.0,360.0,1.0,Urban,N,8,8.13973227971767,0.0,4.9344739331306915,138.0,Lower-Middle,3427.0,0.040268456375838924,1.15,Low
229,Male,No,0,Not Graduate,Yes,2583,2167.0,104.0,360.0,1.0,Rural,Y,8,7.857093864902493,7.681560362559537,4.653960350157523,104.0,Low,4750.0,0.021894736842105262,1.3,Low
230,Male,Yes,1,Not Graduate,No,2661,7101.0,279.0,180.0,1.0,Semiurban,Y,8,7.8868329989550565,8.868131713503033,5.634789603169249,266.875,Low,9762.0,0.02858020897357099,2.79,Very High
231,Male,No,0,Graduate,Yes,16250,0.0,192.0,360.0,0.0,Urban,N,8,9.69590972432601,0.0,5.262690188904886,192.0,High,16250.0,0.011815384615384615,1.6,Very High
232,Female,No,3+,Graduate,No,3083,0.0,255.0,360.0,1.0,Rural,Y,9,8.03398273468322,0.0,5.545177444479562,255.0,Lower-Middle,3083.0,0.08271164450210834,3.1875,Low
233,Male,No,0,Not Graduate,No,6045,0.0,115.0,360.0,0.0,Rural,N,8,8.707152175339404,0.0,4.7535901911063645,115.0,High,6045.0,0.01902398676592225,1.4375,Medium
234,Male,Yes,3+,Graduate,No,5250,0.0,94.0,360.0,1.0,Urban,N,8,8.566173813637858,0.0,4.553876891600541,94.0,Upper-Middle,5250.0,0.017904761904761906,0.7833333333333333,Medium
235,Male,Yes,0,Graduate,No,14683,2100.0,304.0,360.0,1.0,Rural,N,9,9.594513744616725,7.650168700845001,5.720311776607412,266.875,High,16783.0,0.018113567300244295,3.8,Very High
236,Male,Yes,3+,Not Graduate,No,4931,0.0,128.0,360.0,1.0,Semiurban,N,8,8.503499864284235,0.0,4.859812404361672,128.0,Upper-Middle,4931.0,0.02595822348408031,1.28,Low
237,Male,Yes,1,Graduate,No,6083,4250.0,330.0,360.0,1.0,Urban,Y,9,8.713417653379183,8.35490952835879,5.802118375377063,266.875,High,10333.0,0.03193651408109939,2.75,Very High
238,Male,No,0,Graduate,No,2060,2209.0,134.0,360.0,1.0,Semiurban,Y,8,7.630946580890459,7.700747794511798,4.90527477843843,134.0,Low,4269.0,0.03138908409463575,1.34,Low
239,Female,No,1,Graduate,No,3481,0.0,155.0,36.0,1.0,Semiurban,N,7,8.155362120328135,0.0,5.049856007249537,155.0,Lower-Middle,3481.0,0.04452743464521689,1.55,Low
240,Female,No,0,Graduate,No,7200,0.0,120.0,360.0,1.0,Rural,Y,8,8.881975184248867,0.0,4.795790545596741,120.0,High,7200.0,0.016666666666666666,1.5,High
241,Male,No,0,Graduate,Yes,5166,0.0,128.0,360.0,1.0,Semiurban,Y,8,8.550047528287184,0.0,4.859812404361672,128.0,Upper-Middle,5166.0,0.024777390631049168,1.28,Medium
242,Male,No,0,Graduate,No,4095,3447.0,151.0,360.0,1.0,Rural,Y,8,8.317766166719343,8.145549631783584,5.0238805208462765,151.0,Upper-Middle,7542.0,0.02002121453195439,1.8875,High
243,Male,Yes,2,Graduate,No,4708,1387.0,150.0,360.0,1.0,Semiurban,Y,8,8.457230850243555,7.23561914106675,5.017279836814924,150.0,Upper-Middle,6095.0,0.02461033634126333,1.5,Medium
244,Male,Yes,3+,Graduate,No,4333,1811.0,160.0,360.0,0.0,Urban,Y,8,8.374246182096304,7.502186486602924,5.081404364984463,160.0,Upper-Middle,6144.0,0.026041666666666668,1.3333333333333333,Medium
245,Female,No,1,Graduate,No,2876,1560.0,90.0,360.0,1.0,Urban,Y,8,7.964503363551548,7.353081920515432,4.51085950651685,90.0,Lower-Middle,4436.0,0.02028854824165915,0.75,Low
246,Female,No,0,Graduate,No,3237,0.0,30.0,360.0,1.0,Urban,Y,8,8.08271113423758,0.0,3.4339872044851463,30.0,Lower-Middle,3237.0,0.009267840593141797,0.25,Low
247,Male,Yes,0,Graduate,No,11146,0.0,136.0,360.0,1.0,Urban,Y,8,9.318925682389624,0.0,4.919980925828125,136.0,High,11146.0,0.012201686703750225,1.1333333333333333,Very High
248,Male,No,0,Graduate,No,2833,1857.0,126.0,360.0,1.0,Rural,Y,8,7.949444420250626,7.527255919373784,4.844187086458591,126.0,Low,4690.0,0.026865671641791045,1.575,Low
249,Male,Yes,0,Graduate,No,2620,2223.0,150.0,360.0,1.0,Semiurban,Y,8,7.8713112033234065,7.707062655370473,5.017279836814924,150.0,Low,4843.0,0.03097253768325418,1.5,Low
250,Male,Yes,2,Graduate,No,3900,0.0,90.0,360.0,1.0,Semiurban,Y,8,8.268988209506656,0.0,4.51085950651685,90.0,Upper-Middle,3900.0,0.023076923076923078,0.9,Low
251,Male,Yes,1,Graduate,No,2750,1842.0,115.0,360.0,1.0,Semiurban,Y,8,7.919719760924575,7.519149957669823,4.7535901911063645,115.0,Low,4592.0,0.02504355400696864,1.15,Low
252,Male,Yes,0,Graduate,No,3993,3274.0,207.0,360.0,1.0,Semiurban,Y,9,8.29254851397576,8.094073148069352,5.337538079701318,207.0,Upper-Middle,7267.0,0.02848493188385854,2.07,High
253,Male,Yes,0,Graduate,No,3103,1300.0,80.0,360.0,1.0,Urban,Y,8,8.04044688130311,7.170888478512505,4.394449154672439,80.0,Lower-Middle,4403.0,0.018169429934135818,0.6666666666666666,Low
254,Male,Yes,0,Graduate,No,14583,0.0,436.0,360.0,1.0,Semiurban,Y,10,9.5876803163585,0.0,6.07993319509559,266.875,High,14583.0,0.02989782623602825,4.36,Very High
255,Female,Yes,0,Not Graduate,No,4100,0.0,124.0,360.0,1.0,Rural,Y,8,8.31898612539206,0.0,4.8283137373023015,124.0,Upper-Middle,4100.0,0.03024390243902439,1.55,Low
256,Male,No,1,Not Graduate,Yes,4053,2426.0,158.0,360.0,0.0,Urban,N,8,8.307459327011946,7.794411205726601,5.0689042022202315,158.0,Upper-Middle,6479.0,0.02438647939496836,1.3166666666666667,Medium
257,Male,Yes,0,Graduate,No,3927,800.0,112.0,360.0,1.0,Semiurban,Y,8,8.275885669474356,6.68586094706836,4.727387818712341,112.0,Upper-Middle,4727.0,0.0236936746350751,1.12,Low
258,Male,Yes,2,Graduate,No,2301,985.7999878,78.0,180.0,1.0,Urban,Y,7,7.741533589281828,6.894467372292008,4.3694478524670215,78.0,Low,3286.7999878,0.023731288879615956,0.65,Low
259,Female,No,0,Graduate,No,1811,1666.0,54.0,360.0,1.0,Urban,Y,8,7.502186486602924,7.418780882750794,4.007333185232471,54.0,Low,3477.0,0.015530629853321829,0.45,Low
260,Male,Yes,0,Graduate,No,20667,0.0,127.0,360.0,1.0,Rural,N,8,9.936341889407075,0.0,4.852030263919617,127.0,High,20667.0,0.00614506217641651,1.5875,Very High
261,Male,No,0,Graduate,No,3158,3053.0,89.0,360.0,1.0,Rural,Y,8,8.058010800802085,8.024207485778577,4.499809670330265,89.0,Lower-Middle,6211.0,0.014329415553051039,1.1125,Medium
262,Female,No,0,Graduate,Yes,2600,1717.0,99.0,300.0,1.0,Semiurban,N,8,7.8636512654486515,7.4489161025442,4.605170185988092,99.0,Low,4317.0,0.022932592077831826,0.99,Low
263,Male,Yes,0,Graduate,No,3704,2000.0,120.0,360.0,1.0,Rural,Y,8,8.217438537730187,7.601402334583733,4.795790545596741,120.0,Lower-Middle,5704.0,0.021037868162692847,1.5,Medium
264,Female,No,0,Graduate,No,4124,0.0,115.0,360.0,1.0,Semiurban,Y,8,8.324821298768782,0.0,4.7535901911063645,115.0,Upper-Middle,4124.0,0.027885548011639186,1.15,Low
265,Male,No,0,Graduate,No,9508,0.0,187.0,360.0,1.0,Rural,Y,8,9.159993997539445,0.0,5.236441962829949,187.0,High,9508.0,0.019667648296171646,2.3375,Very High
266,Male,Yes,0,Graduate,No,3075,2416.0,139.0,360.0,1.0,Rural,Y,8,8.031385330625534,7.790282380703483,4.941642422609304,139.0,Lower-Middle,5491.0,0.025314150427973046,1.7375,Medium
267,Male,Yes,2,Graduate,No,4400,0.0,127.0,360.0,0.0,Semiurban,N,8,8.38958706681109,0.0,4.852030263919617,127.0,Upper-Middle,4400.0,0.028863636363636362,1.27,Low
268,Male,Yes,2,Graduate,No,3153,1560.0,134.0,360.0,1.0,Urban,Y,8,8.056426767522984,7.353081920515432,4.90527477843843,134.0,Lower-Middle,4713.0,0.028431996605134735,1.1166666666666667,Low
269,Male,Yes,0,Graduate,No,2383,3334.0,172.0,360.0,1.0,Semiurban,Y,8,7.776535028185241,8.112227958349724,5.153291594497779,172.0,Low,5717.0,0.03008570928808816,1.72,Medium
270,Male,Yes,1,Graduate,No,6875,0.0,200.0,360.0,1.0,Semiurban,Y,9,8.83579236650274,0.0,5.303304908059076,200.0,High,6875.0,0.02909090909090909,2.0,Medium
271,Female,Yes,1,Graduate,No,4666,0.0,135.0,360.0,1.0,Urban,Y,8,8.448271745949816,0.0,4.912654885736052,135.0,Upper-Middle,4666.0,0.028932704672096014,1.125,Low
272,Female,No,0,Graduate,No,5000,2541.0,151.0,480.0,1.0,Rural,N,9,8.517393171418904,7.8407064517494,5.0238805208462765,151.0,Upper-Middle,7541.0,0.020023869513327144,1.8875,High
273,Male,Yes,1,Graduate,No,2014,2925.0,113.0,360.0,1.0,Urban,N,8,7.608374474380783,7.98139158158007,4.736198448394496,113.0,Low,4939.0,0.02287912532901397,0.9416666666666667,Low
274,Male,Yes,0,Not Graduate,No,1800,2934.0,93.0,360.0,0.0,Urban,N,8,7.496097345175956,7.984462732262196,4.543294782270004,93.0,Low,4734.0,0.01964512040557668,0.775,Low
275,Female,No,0,Graduate,No,5000,0.0,132.0,360.0,1.0,Rural,Y,8,8.517393171418904,0.0,4.890349128221754,132.0,Upper-Middle,5000.0,0.0264,1.65,Low
276,Male,Yes,1,Graduate,No,1625,1803.0,96.0,360.0,1.0,Urban,Y,8,7.3938782901077555,7.4977617006225685,4.574710978503383,96.0,Low,3428.0,0.028004667444574097,0.8,Low
277,Male,No,0,Graduate,No,4000,2500.0,140.0,360.0,1.0,Rural,Y,8,8.294299608857235,7.824445930877619,4.948759890378168,140.0,Upper-Middle,6500.0,0.021538461538461538,1.75,Medium
278,Male,No,0,Not Graduate,No,2000,0.0,127.0,360.0,1.0,Urban,N,8,7.601402334583733,0.0,4.852030263919617,127.0,Low,2000.0,0.0635,1.0583333333333333,Low
279,Female,No,0,Graduate,No,3762,1666.0,135.0,360.0,1.0,Rural,Y,8,8.232971790593437,7.418780882750794,4.912654885736052,135.0,Lower-Middle,5428.0,0.024871039056742816,1.6875,Medium
280,Female,No,0,Graduate,No,2400,1863.0,104.0,360.0,0.0,Urban,N,8,7.783640596221253,7.530479995245536,4.653960350157523,104.0,Low,4263.0,0.02439596528266479,0.8666666666666667,Low
281,Male,No,0,Graduate,No,20233,0.0,480.0,360.0,1.0,Rural,N,10,9.915119636765835,0.0,6.175867270105761,266.875,High,20233.0,0.02372361982899224,6.0,Very High
282,Male,Yes,2,Not Graduate,No,7667,0.0,185.0,360.0,1.0,Rural,Y,8,8.944811104165534,0.0,5.225746673713202,185.0,High,7667.0,0.024129385678883526,2.3125,High
283,Female,No,0,Graduate,No,2917,0.0,84.0,360.0,1.0,Semiurban,Y,8,7.978653729082731,0.0,4.442651256490317,84.0,Lower-Middle,2917.0,0.028796708947548853,0.84,Low
284,Male,No,0,Not Graduate,No,2927,2405.0,111.0,360.0,1.0,Semiurban,Y,8,7.982074875081202,7.785720896534624,4.718498871295094,111.0,Lower-Middle,5332.0,0.020817704426106528,1.11,Medium
285,Female,No,0,Graduate,No,2507,0.0,56.0,360.0,1.0,Rural,Y,8,7.827240901752812,0.0,4.04305126783455,56.0,Low,2507.0,0.022337455125648185,0.7,Low
286,Male,Yes,2,Graduate,Yes,5746,0.0,144.0,84.0,1.0,Rural,Y,7,8.656433258507741,0.0,4.976733742420574,144.0,Upper-Middle,5746.0,0.025060911938739994,1.8,Medium
287,Male,Yes,1,Not Graduate,No,3399,1640.0,111.0,180.0,1.0,Urban,Y,7,8.131530710604252,7.403061091090091,4.718498871295094,111.0,Lower-Middle,5039.0,0.022028180194483032,0.925,Medium
288,Male,Yes,2,Graduate,No,3717,0.0,120.0,360.0,1.0,Semiurban,Y,8,8.220941168281389,0.0,4.795790545596741,120.0,Lower-Middle,3717.0,0.03228410008071025,1.2,Low
289,Male,Yes,0,Graduate,No,2058,2134.0,88.0,360.0,1.0,Urban,Y,8,7.629975707027789,7.666221925662725,4.48863636973214,88.0,Low,4192.0,0.02099236641221374,0.7333333333333333,Low
290,Female,No,1,Graduate,No,3541,0.0,112.0,360.0,1.0,Semiurban,Y,8,8.17244681834278,0.0,4.727387818712341,112.0,Lower-Middle,3541.0,0.031629483196837054,1.12,Low
291,Male,Yes,1,Graduate,Yes,10000,0.0,155.0,360.0,1.0,Rural,N,8,9.210440366976517,0.0,5.049856007249537,155.0,High,10000.0,0.0155,1.9375,Very High
292,Male,Yes,0,Graduate,No,2400,2167.0,115.0,360.0,1.0,Semiurban,Y,8,7.783640596221253,7.681560362559537,4.7535901911063645,115.0,Low,4567.0,0.025180643748631486,1.15,Low
293,Male,Yes,3+,Graduate,No,4342,189.0,124.0,360.0,1.0,Semiurban,Y,8,8.376320632534823,5.247024072160486,4.8283137373023015,124.0,Upper-Middle,4531.0,0.027367027146325315,1.24,Low
294,Male,Yes,2,Not Graduate,No,3601,1590.0,127.0,360.0,1.0,Rural,Y,8,8.189244525735901,7.372118028337787,4.852030263919617,127.0,Lower-Middle,5191.0,0.024465420920824505,1.5875,Medium
295,Female,No,0,Graduate,No,3166,2985.0,132.0,360.0,1.0,Rural,Y,8,8.06054004653864,8.001689978099135,4.890349128221754,132.0,Lower-Middle,6151.0,0.021459925215412127,1.65,Medium
296,Male,Yes,3+,Graduate,No,15000,0.0,300.0,360.0,1.0,Rural,Y,9,9.61587214452889,0.0,5.707110264748875,266.875,High,15000.0,0.02,3.75,Very High
297,Male,Yes,1,Graduate,Yes,8666,4983.0,376.0,360.0,0.0,Rural,N,9,9.067277989134345,8.51398806046729,5.932245187448011,266.875,High,13649.0,0.027547805700051286,4.7,Very High
298,Male,No,0,Graduate,No,4917,0.0,130.0,360.0,0.0,Rural,Y,8,8.500657222776137,0.0,4.875197323201151,130.0,Upper-Middle,4917.0,0.026438885499288182,1.625,Low
299,Male,Yes,0,Graduate,Yes,5818,2160.0,184.0,360.0,1.0,Semiurban,Y,8,8.66888370465667,7.6783263565068856,5.220355825078324,184.0,Upper-Middle,7978.0,0.023063424417147156,1.84,High
300,Female,Yes,0,Graduate,No,4333,2451.0,110.0,360.0,1.0,Urban,N,8,8.374246182096304,7.804659297056102,4.709530201312334,110.0,Upper-Middle,6784.0,0.016214622641509434,0.9166666666666666,Medium
301,Female,No,0,Graduate,No,2500,0.0,67.0,360.0,1.0,Urban,Y,8,7.824445930877619,0.0,4.219507705176107,67.0,Low,2500.0,0.0268,0.5583333333333333,Low
302,Male,No,1,Graduate,No,4384,1793.0,117.0,360.0,1.0,Urban,Y,8,8.385944904806284,7.492203042618741,4.770684624465665,117.0,Upper-Middle,6177.0,0.01894123360854784,0.975,Medium
303,Male,No,0,Graduate,No,2935,0.0,98.0,360.0,1.0,Semiurban,Y,8,7.984803389734406,0.0,4.59511985013459,98.0,Lower-Middle,2935.0,0.03339011925042589,0.98,Low
304,Male,Yes,2,Graduate,Yes,2500,4600.0,176.0,360.0,1.0,Rural,Y,8,7.824445930877619,8.434028950155469,5.176149732573829,176.0,Low,7100.0,0.024788732394366197,2.2,High
305,Female,No,3+,Not Graduate,No,1830,0.0,127.0,360.0,0.0,Urban,N,8,7.5126175446745105,0.0,4.852030263919617,127.0,Low,1830.0,0.06939890710382514,1.0583333333333333,Low
306,Female,No,0,Graduate,No,4160,0.0,71.0,360.0,1.0,Semiurban,Y,8,8.333510708982942,0.0,4.276666119016055,71.0,Upper-Middle,4160.0,0.01706730769230769,0.71,Low
307,Male,Yes,3+,Not Graduate,No,2647,1587.0,173.0,360.0,1.0,Rural,N,8,7.881559917056899,7.370230641807081,5.159055299214529,173.0,Low,4234.0,0.040859707132735006,2.1625,Low
308,Female,No,0,Graduate,No,2378,0.0,46.0,360.0,1.0,Rural,N,8,7.774435510302958,0.0,3.8501476017100584,46.0,Low,2378.0,0.01934398654331371,0.575,Low
309,Male,Yes,1,Not Graduate,No,4554,1229.0,158.0,360.0,1.0,Urban,Y,8,8.423980809694058,7.114769448366463,5.0689042022202315,158.0,Upper-Middle,5783.0,0.027321459450112398,1.3166666666666667,Medium
310,Male,Yes,3+,Not Graduate,No,3173,0.0,74.0,360.0,1.0,Semiurban,Y,8,8.062747901086354,0.0,4.31748811353631,74.0,Lower-Middle,3173.0,0.023321777497636306,0.74,Low
311,Male,Yes,0,Graduate,No,2499,2458.0,160.0,360.0,1.0,Semiurban,Y,8,7.824046010856292,7.807510042216193,5.081404364984463,160.0,Low,4957.0,0.03227758725035303,1.6,Low
312,Male,Yes,2,Not Graduate,No,3083,2168.0,126.0,360.0,1.0,Urban,Y,8,8.03398273468322,7.682021510826875,4.844187086458591,126.0,Lower-Middle,5251.0,0.023995429442011044,1.05,Medium
313,Male,Yes,0,Graduate,No,6333,4583.0,259.0,360.0,1.0,Semiurban,Y,9,8.753687227098585,8.430327258394575,5.560681631015528,259.0,High,10916.0,0.02372663979479663,2.59,Very High
314,Male,Yes,0,Graduate,No,2625,6250.0,187.0,360.0,1.0,Rural,Y,8,7.873217054862741,8.740496729931813,5.236441962829949,187.0,Low,8875.0,0.021070422535211266,2.3375,High
315,Male,Yes,0,Graduate,No,9083,0.0,228.0,360.0,1.0,Semiurban,Y,9,9.114269903225448,0.0,5.43372200355424,228.0,High,9083.0,0.025101838599581636,2.28,Very High
316,Male,No,0,Graduate,No,8750,4167.0,308.0,360.0,1.0,Rural,N,9,9.076923258535832,8.335191583433202,5.733341276897746,266.875,High,12917.0,0.023844545947201364,3.85,Very High
317,Male,Yes,3+,Graduate,No,2666,2083.0,95.0,360.0,1.0,Rural,Y,8,7.888709524182015,7.642044402873258,4.564348191467836,95.0,Low,4749.0,0.02000421141292904,1.1875,Low
318,Female,Yes,0,Graduate,Yes,5500,0.0,105.0,360.0,0.0,Rural,N,8,8.612685172875459,0.0,4.663439094112067,105.0,Upper-Middle,5500.0,0.019090909090909092,1.3125,Medium
319,Female,Yes,0,Graduate,No,2423,505.0,130.0,360.0,1.0,Semiurban,Y,8,7.793174347189205,6.226536669287466,4.875197323201151,130.0,Low,2928.0,0.04439890710382514,1.3,Low
320,Male,Yes,2,Graduate,No,8333,3167.0,165.0,360.0,1.0,Rural,Y,8,9.0280988119824,8.060855752934316,5.111987788356544,165.0,High,11500.0,0.014347826086956521,2.0625,Very High
321,Male,Yes,1,Graduate,No,3875,0.0,67.0,360.0,1.0,Urban,N,8,8.262558973010657,0.0,4.219507705176107,67.0,Upper-Middle,3875.0,0.01729032258064516,0.5583333333333333,Low
322,Male,Yes,0,Not Graduate,No,3000,1666.0,100.0,480.0,0.0,Urban,N,8,8.006700845440367,7.418780882750794,4.61512051684126,100.0,Lower-Middle,4666.0,0.021431633090441493,0.8333333333333334,Low
323,Male,Yes,3+,Graduate,No,5167,3167.0,200.0,360.0,1.0,Semiurban,Y,9,8.550241045462437,8.060855752934316,5.303304908059076,200.0,Upper-Middle,8334.0,0.023998080153587713,2.0,High
324,Female,No,1,Graduate,No,4723,0.0,81.0,360.0,1.0,Semiurban,N,8,8.460411177317253,0.0,4.406719247264253,81.0,Upper-Middle,4723.0,0.017150116451408005,0.81,Low
325,Male,Yes,2,Graduate,No,5000,3667.0,236.0,360.0,1.0,Semiurban,Y,9,8.517393171418904,8.207401833376355,5.4680601411351315,236.0,Upper-Middle,8667.0,0.027229721933771777,2.36,High
326,Male,Yes,0,Graduate,No,4750,2333.0,130.0,360.0,1.0,Urban,Y,8,8.46611040118692,7.755338812846501,4.875197323201151,130.0,Upper-Middle,7083.0,0.01835380488493576,1.0833333333333333,High
327,Male,Yes,0,Graduate,No,3013,3033.0,95.0,300.0,1.0,Urban,Y,8,8.01102337918644,8.017637159908478,4.564348191467836,95.0,Lower-Middle,6046.0,0.0157128680119087,0.7916666666666666,Medium
328,Male,No,0,Graduate,Yes,6822,0.0,141.0,360.0,1.0,Rural,Y,8,8.828054536815424,0.0,4.955827057601261,141.0,High,6822.0,0.020668425681618294,1.7625,Medium
329,Male,No,0,Not Graduate,No,6216,0.0,133.0,360.0,1.0,Rural,N,8,8.735042754269337,0.0,4.897839799950911,133.0,High,6216.0,0.021396396396396396,1.6625,Medium
330,Male,No,0,Graduate,No,2500,0.0,96.0,480.0,1.0,Semiurban,N,9,7.824445930877619,0.0,4.574710978503383,96.0,Low,2500.0,0.0384,0.96,Low
331,Male,No,0,Graduate,No,5124,0.0,124.0,360.0,0.0,Rural,N,8,8.54188580400661,0.0,4.8283137373023015,124.0,Upper-Middle,5124.0,0.02419984387197502,1.55,Medium
332,Male,Yes,1,Graduate,No,6325,0.0,175.0,360.0,1.0,Semiurban,Y,8,8.752423403865594,0.0,5.170483995038151,175.0,High,6325.0,0.02766798418972332,1.75,Medium
333,Male,Yes,0,Graduate,No,19730,5266.0,570.0,360.0,1.0,Rural,N,10,9.889946281969461,8.569216219483389,6.3473892096560105,266.875,High,24996.0,0.022803648583773404,7.125,Very High
334,Female,No,0,Graduate,Yes,15759,0.0,55.0,360.0,1.0,Semiurban,Y,7,9.66523036341187,0.0,4.02535169073515,55.0,High,15759.0,0.0034900691668253063,0.55,Very High
335,Male,Yes,2,Graduate,No,5185,0.0,155.0,360.0,1.0,Semiurban,Y,8,8.55371796609861,0.0,5.049856007249537,155.0,Upper-Middle,5185.0,0.029893924783027964,1.55,Medium
336,Male,Yes,2,Graduate,Yes,9323,7873.0,380.0,300.0,1.0,Rural,Y,9,9.140347000155648,8.971321471503682,5.942799375126701,266.875,High,17196.0,0.02209816236334031,4.75,Very High
337,Male,No,1,Graduate,No,3062,1987.0,111.0,180.0,0.0,Urban,N,7,8.027150106832774,7.59488438721652,4.718498871295094,111.0,Lower-Middle,5049.0,0.021984551396316103,0.925,Medium
338,Male,Yes,0,Graduate,No,4817,923.0,120.0,180.0,1.0,Urban,Y,7,8.480114183174816,6.828712071641684,4.795790545596741,120.0,Upper-Middle,5740.0,0.020905923344947737,1.0,Medium
339,Male,Yes,3+,Graduate,No,8750,4996.0,130.0,360.0,1.0,Rural,Y,8,9.076923258535832,8.516593011344206,4.875197323201151,130.0,High,13746.0,0.009457296668121635,1.625,Very High
340,Male,Yes,0,Graduate,No,4310,0.0,130.0,360.0,1.0,Semiurban,Y,8,8.368925174747135,0.0,4.875197323201151,130.0,Upper-Middle,4310.0,0.030162412993039442,1.3,Low
341,Male,No,0,Graduate,No,3069,0.0,71.0,480.0,1.0,Urban,N,8,8.029432840581244,0.0,4.276666119016055,71.0,Lower-Middle,3069.0,0.023134571521668295,0.5916666666666667,Low
342,Male,Yes,2,Graduate,No,5391,0.0,130.0,360.0,1.0,Urban,Y,8,8.592671652592143,0.0,4.875197323201151,130.0,Upper-Middle,5391.0,0.024114264514932295,1.0833333333333333,Medium
343,Male,No,0,Graduate,No,5941,4232.0,296.0,360.0,1.0,Semiurban,Y,9,8.689801056022553,8.350666240520924,5.6937321388027,266.875,High,10173.0,0.029096628329892852,2.96,Very High
344,Female,No,0,Graduate,No,6000,0.0,156.0,360.0,1.0,Urban,Y,8,8.699681400989514,0.0,5.056245805348308,156.0,High,6000.0,0.026,1.3,Medium
345,Male,No,0,Graduate,Yes,7167,0.0,128.0,360.0,1.0,Urban,Y,8,8.877381954654766,0.0,4.859812404361672,128.0,High,7167.0,0.017859634435607646,1.0666666666666667,High
346,Male,Yes,2,Graduate,No,4566,0.0,100.0,360.0,1.0,Urban,N,8,8.426611813185,0.0,4.61512051684126,100.0,Upper-Middle,4566.0,0.021901007446342532,0.8333333333333334,Low
347,Male,No,0,Not Graduate,No,2346,1600.0,132.0,360.0,1.0,Semiurban,Y,8,7.760893195851024,7.3783837129967145,4.890349128221754,132.0,Low,3946.0,0.03345159655347187,1.32,Low
348,Male,Yes,0,Not Graduate,No,3010,3136.0,127.0,360.0,0.0,Urban,N,8,8.010027528481734,8.051022208190679,4.852030263919617,127.0,Lower-Middle,6146.0,0.020663846404165312,1.0583333333333333,Medium
349,Male,Yes,0,Graduate,No,2333,2417.0,136.0,360.0,1.0,Urban,Y,8,7.755338812846501,7.790696031174738,4.919980925828125,136.0,Low,4750.0,0.02863157894736842,1.1333333333333333,Low
350,Male,Yes,0,Graduate,No,5488,0.0,125.0,360.0,1.0,Rural,Y,8,8.610501368549889,0.0,4.836281906951478,125.0,Upper-Middle,5488.0,0.022776967930029153,1.5625,Medium
351,Male,No,3+,Graduate,No,9167,0.0,185.0,360.0,1.0,Rural,Y,8,9.12347443895452,0.0,5.225746673713202,185.0,High,9167.0,0.020181084324206393,2.3125,Very High
352,Male,Yes,3+,Graduate,No,9504,0.0,275.0,360.0,1.0,Rural,Y,9,9.15957325492253,0.0,5.62040086571715,266.875,High,9504.0,0.028935185185185185,3.4375,Very High
353,Male,Yes,0,Graduate,No,2583,2115.0,120.0,360.0,1.0,Urban,Y,8,7.857093864902493,7.65728279297819,4.795790545596741,120.0,Low,4698.0,0.02554278416347382,1.0,Low
354,Male,Yes,2,Not Graduate,No,1993,1625.0,113.0,180.0,1.0,Semiurban,Y,7,7.597897950521784,7.3938782901077555,4.736198448394496,113.0,Low,3618.0,0.03123272526257601,1.13,Low
355,Male,Yes,2,Graduate,No,3100,1400.0,113.0,360.0,1.0,Urban,Y,8,8.03947991910045,7.244941546337007,4.736198448394496,113.0,Lower-Middle,4500.0,0.025111111111111112,0.9416666666666667,Low
356,Male,Yes,2,Graduate,No,3276,484.0,135.0,360.0,1.0,Semiurban,Y,8,8.094683648698815,6.184148890937483,4.912654885736052,135.0,Lower-Middle,3760.0,0.03590425531914894,1.35,Low
357,Female,No,0,Graduate,No,3180,0.0,71.0,360.0,0.0,Urban,N,8,8.064950891749143,0.0,4.276666119016055,71.0,Lower-Middle,3180.0,0.02232704402515723,0.5916666666666667,Low
358,Male,Yes,0,Graduate,No,3033,1459.0,95.0,360.0,1.0,Urban,Y,8,8.017637159908478,7.286191714702382,4.564348191467836,95.0,Lower-Middle,4492.0,0.021148708815672306,0.7916666666666666,Low
359,Male,No,0,Not Graduate,No,3902,1666.0,109.0,360.0,1.0,Rural,Y,8,8.269500767180615,7.418780882750794,4.700480365792417,109.0,Upper-Middle,5568.0,0.019576149425287355,1.3625,Medium
360,Female,No,0,Graduate,No,1500,1800.0,103.0,360.0,0.0,Semiurban,N,8,7.313886831633462,7.496097345175956,4.6443908991413725,103.0,Low,3300.0,0.031212121212121212,1.03,Low
361,Male,Yes,2,Not Graduate,No,2889,0.0,45.0,180.0,0.0,Urban,N,7,7.969011781106478,0.0,3.828641396489095,45.0,Lower-Middle,2889.0,0.01557632398753894,0.375,Low
362,Male,No,0,Not Graduate,No,2755,0.0,65.0,300.0,1.0,Rural,N,8,7.9215356321335495,0.0,4.189654742026425,65.0,Low,2755.0,0.023593466424682397,0.8125,Low
363,Male,No,0,Graduate,No,2500,20000.0,103.0,360.0,1.0,Semiurban,Y,8,7.824445930877619,9.90353755128617,4.6443908991413725,103.0,Low,22500.0,0.004577777777777778,1.03,Very High
364,Female,No,0,Not Graduate,No,1963,0.0,53.0,360.0,1.0,Semiurban,Y,8,7.582738488914411,0.0,3.9889840465642745,53.0,Low,1963.0,0.026999490575649515,0.53,Low
365,Female,No,0,Graduate,Yes,7441,0.0,194.0,360.0,1.0,Rural,N,9,8.914894908906568,0.0,5.272999558563747,194.0,High,7441.0,0.026071764547775836,2.425,High
366,Female,No,0,Graduate,No,4547,0.0,115.0,360.0,1.0,Semiurban,Y,8,8.422442854870427,0.0,4.7535901911063645,115.0,Upper-Middle,4547.0,0.025291400923685946,1.15,Low
367,Male,Yes,0,Not Graduate,No,2167,2400.0,115.0,360.0,1.0,Urban,Y,8,7.681560362559537,7.783640596221253,4.7535901911063645,115.0,Low,4567.0,0.025180643748631486,0.9583333333333334,Low
368,Female,No,0,Not Graduate,No,2213,0.0,66.0,360.0,1.0,Rural,Y,8,7.7025561132685825,0.0,4.204692619390966,66.0,Low,2213.0,0.0298237686398554,0.825,Low
369,Male,Yes,1,Graduate,No,8300,0.0,152.0,300.0,0.0,Semiurban,N,8,9.024131268455035,0.0,5.030437921392435,152.0,High,8300.0,0.018313253012048194,1.52,High
370,Male,Yes,3+,Graduate,No,81000,0.0,360.0,360.0,0.0,Rural,N,8,11.302216779257382,0.0,5.8888779583328805,266.875,High,81000.0,0.0044444444444444444,4.5,Very High
371,Female,No,1,Not Graduate,Yes,3867,0.0,62.0,360.0,1.0,Semiurban,N,8,8.260492856573185,0.0,4.143134726391533,62.0,Upper-Middle,3867.0,0.016033100594776313,0.62,Low
372,Male,Yes,0,Not Graduate,No,6096,0.0,218.0,360.0,0.0,Rural,N,9,8.715552125907816,0.0,5.389071729816501,218.0,High,6096.0,0.035761154855643046,2.725,Medium
373,Male,Yes,0,Not Graduate,No,2253,2033.0,110.0,360.0,1.0,Rural,Y,8,7.720461694599722,7.617759576608505,4.709530201312334,110.0,Low,4286.0,0.025664955669622024,1.375,Low
374,Female,Yes,0,Not Graduate,No,2149,3237.0,178.0,360.0,0.0,Semiurban,N,8,7.673223121121708,8.08271113423758,5.187385805840755,178.0,Low,5386.0,0.03304864463423691,1.78,Medium
375,Female,No,0,Graduate,No,2995,0.0,60.0,360.0,1.0,Urban,Y,8,8.005033344637111,0.0,4.110873864173311,60.0,Lower-Middle,2995.0,0.02003338898163606,0.5,Low
376,Female,No,1,Graduate,No,2600,0.0,160.0,360.0,1.0,Urban,N,8,7.8636512654486515,0.0,5.081404364984463,160.0,Low,2600.0,0.06153846153846154,1.3333333333333333,Low
377,Male,Yes,2,Graduate,Yes,1600,20000.0,239.0,360.0,1.0,Urban,N,8,7.3783837129967145,9.90353755128617,5.480638923341991,239.0,Low,21600.0,0.011064814814814816,1.9916666666666667,Very High
378,Male,Yes,0,Graduate,No,1025,2773.0,112.0,360.0,1.0,Rural,Y,8,6.933423025730715,7.928045600874777,4.727387818712341,112.0,Low,3798.0,0.02948920484465508,1.4,Low
379,Male,Yes,0,Graduate,No,3246,1417.0,138.0,360.0,1.0,Semiurban,Y,8,8.085486772102845,7.257002707092073,4.9344739331306915,138.0,Lower-Middle,4663.0,0.029594681535492173,1.38,Low
380,Male,Yes,0,Graduate,No,5829,0.0,138.0,360.0,1.0,Rural,Y,8,8.670772279344538,0.0,4.9344739331306915,138.0,High,5829.0,0.023674729799279464,1.725,Medium
381,Female,No,0,Not Graduate,No,2720,0.0,80.0,360.0,0.0,Urban,N,8,7.908754738783246,0.0,4.394449154672439,80.0,Low,2720.0,0.029411764705882353,0.6666666666666666,Low
382,Male,Yes,0,Graduate,No,1820,1719.0,100.0,360.0,1.0,Urban,Y,8,7.507141079727608,7.450079569807499,4.61512051684126,100.0,Low,3539.0,0.028256569652444195,0.8333333333333334,Low
383,Male,Yes,1,Graduate,No,7250,1667.0,110.0,360.0,0.0,Urban,N,8,8.888894669371593,7.419380582918692,4.709530201312334,110.0,High,8917.0,0.01233598743972188,0.9166666666666666,High
384,Male,Yes,0,Graduate,No,14880,0.0,96.0,360.0,1.0,Semiurban,Y,8,9.60784051043005,0.0,4.574710978503383,96.0,High,14880.0,0.0064516129032258064,0.96,Very High
385,Male,Yes,0,Graduate,No,2666,4300.0,121.0,360.0,1.0,Rural,Y,8,7.888709524182015,8.366602832783736,4.804021044733257,121.0,Low,6966.0,0.01737008326155613,1.5125,Medium
386,Female,No,1,Not Graduate,No,4606,0.0,81.0,360.0,1.0,Rural,N,8,8.435332164935916,0.0,4.406719247264253,81.0,Upper-Middle,4606.0,0.017585757707338254,1.0125,Low
387,Male,Yes,2,Graduate,No,5935,0.0,133.0,360.0,1.0,Semiurban,Y,8,8.688790784847216,0.0,4.897839799950911,133.0,High,5935.0,0.02240943555181129,1.33,Medium
388,Male,Yes,0,Graduate,No,2920,16.12000084,87.0,360.0,1.0,Rural,Y,8,7.979681302387741,2.8402474197790153,4.477336814478207,87.0,Lower-Middle,2936.12000084,0.029630941506174818,1.0875,Low
389,Male,No,0,Not Graduate,No,2717,0.0,60.0,180.0,1.0,Urban,Y,7,7.907651594711089,0.0,4.110873864173311,60.0,Low,2717.0,0.02208317997791682,0.5,Low
390,Female,No,1,Graduate,Yes,8624,0.0,150.0,360.0,1.0,Semiurban,Y,8,9.062420241899561,0.0,5.017279836814924,150.0,High,8624.0,0.017393320964749538,1.5,High
391,Male,No,0,Graduate,No,6500,0.0,105.0,360.0,0.0,Rural,N,8,8.77971129020447,0.0,4.663439094112067,105.0,High,6500.0,0.016153846153846154,1.3125,Medium
392,Male,Yes,0,Graduate,No,2425,2340.0,143.0,360.0,1.0,Semiurban,Y,8,7.793999089503996,7.75833346749091,4.969813299576001,143.0,Low,4765.0,0.030010493179433367,1.43,Low
393,Male,No,0,Graduate,No,3750,0.0,100.0,360.0,1.0,Urban,Y,8,8.229777750081887,0.0,4.61512051684126,100.0,Lower-Middle,3750.0,0.02666666666666667,0.8333333333333334,Low
394,Male,No,0,Graduate,No,1926,1851.0,50.0,360.0,1.0,Semiurban,Y,8,7.563719668414366,7.524021415206125,3.9318256327243257,50.0,Low,3777.0,0.013238019592268996,0.5,Low
395,Male,Yes,0,Graduate,No,2213,1125.0,127.0,360.0,1.0,Urban,Y,8,7.7025561132685825,7.026426808699636,4.852030263919617,127.0,Low,3338.0,0.03804673457159976,1.0583333333333333,Low
396,Male,No,0,Graduate,Yes,10416,0.0,187.0,360.0,0.0,Urban,N,8,9.251194365984448,0.0,5.236441962829949,187.0,High,10416.0,0.0179531490015361,1.5583333333333333,Very High
397,Female,Yes,0,Not Graduate,Yes,7142,0.0,138.0,360.0,1.0,Rural,Y,8,8.873888135154973,0.0,4.9344739331306915,138.0,High,7142.0,0.019322318678241388,1.725,High
398,Male,No,0,Graduate,No,3660,5064.0,187.0,360.0,1.0,Semiurban,Y,8,8.205491613120236,8.530109416682784,5.236441962829949,187.0,Lower-Middle,8724.0,0.021435121503897293,1.87,High
399,Male,Yes,0,Graduate,No,7901,1833.0,180.0,360.0,1.0,Rural,Y,8,8.974871170971337,7.51425465281641,5.198497031265826,180.0,High,9734.0,0.018491884117526197,2.25,Very High
400,Male,No,3+,Not Graduate,No,4707,1993.0,148.0,360.0,1.0,Semiurban,Y,8,8.457018468380168,7.597897950521784,5.003946305945459,148.0,Upper-Middle,6700.0,0.02208955223880597,1.48,Medium
401,Male,No,1,Graduate,No,37719,0.0,152.0,360.0,1.0,Semiurban,Y,8,10.537945736747394,0.0,5.030437921392435,152.0,High,37719.0,0.004029799305389856,1.52,Very High
402,Male,Yes,0,Graduate,No,7333,8333.0,175.0,300.0,1.0,Rural,Y,8,8.900276348631271,9.0280988119824,5.170483995038151,175.0,High,15666.0,0.011170688114387846,2.1875,Very High
403,Male,Yes,1,Graduate,Yes,3466,1210.0,130.0,360.0,1.0,Rural,Y,8,8.151044945685024,7.099201743553092,4.875197323201151,130.0,Lower-Middle,4676.0,0.027801539777587682,1.625,Low
404,Male,Yes,2,Not Graduate,No,4652,0.0,110.0,360.0,1.0,Rural,Y,8,8.445267451844648,0.0,4.709530201312334,110.0,Upper-Middle,4652.0,0.023645743766122097,1.375,Low
405,Male,Yes,2,Graduate,No,3340,1710.0,150.0,360.0,0.0,Rural,N,8,8.114025442356757,7.444833273892193,5.017279836814924,150.0,Lower-Middle,5050.0,0.0297029702970297,1.875,Medium
406,Male,No,1,Not Graduate,Yes,2769,1542.0,190.0,360.0,1.0,Semiurban,N,9,7.926602599181384,7.341483852363161,5.25227342804663,190.0,Low,4311.0,0.04407330085826954,1.9,Low
407,Male,Yes,2,Not Graduate,No,2309,1255.0,125.0,360.0,0.0,Rural,N,8,7.745002803515839,7.135687347028144,4.836281906951478,125.0,Low,3564.0,0.035072951739618406,1.5625,Low
408,Male,Yes,2,Not Graduate,No,1958,1456.0,60.0,300.0,1.0,Urban,Y,8,7.580189417944541,7.284134806195205,4.110873864173311,60.0,Low,3414.0,0.01757469244288225,0.5,Low
409,Male,Yes,0,Graduate,No,3948,1733.0,149.0,360.0,0.0,Rural,N,8,8.28121766128665,7.458186157340487,5.0106352940962555,149.0,Upper-Middle,5681.0,0.02622777679985918,1.8625,Medium
410,Male,Yes,0,Graduate,No,2483,2466.0,90.0,180.0,0.0,Rural,Y,7,7.81762544305337,7.810758116529357,4.51085950651685,90.0,Low,4949.0,0.018185492018589614,1.125,Low
411,Male,No,0,Graduate,Yes,7085,0.0,84.0,360.0,1.0,Semiurban,Y,8,8.865876285425417,0.0,4.442651256490317,84.0,High,7085.0,0.011856033874382499,0.84,High
412,Male,Yes,2,Graduate,No,3859,0.0,96.0,360.0,1.0,Semiurban,Y,8,8.258422462458876,0.0,4.574710978503383,96.0,Upper-Middle,3859.0,0.024876911116869654,0.96,Low
413,Male,Yes,0,Graduate,No,4301,0.0,118.0,360.0,1.0,Urban,Y,8,8.366835309827675,0.0,4.77912349311153,118.0,Upper-Middle,4301.0,0.027435480120902116,0.9833333333333333,Low
414,Male,Yes,0,Graduate,No,3708,2569.0,173.0,360.0,1.0,Urban,N,8,8.21851757748959,7.851661177889265,5.159055299214529,173.0,Lower-Middle,6277.0,0.027560936753226063,1.4416666666666667,Medium
415,Male,No,2,Graduate,No,4354,0.0,136.0,360.0,1.0,Rural,Y,8,8.379079889286603,0.0,4.919980925828125,136.0,Upper-Middle,4354.0,0.03123564538355535,1.7,Low
416,Male,Yes,0,Graduate,No,8334,0.0,160.0,360.0,1.0,Semiurban,N,8,9.028218795184895,0.0,5.081404364984463,160.0,High,8334.0,0.01919846412287017,1.6,High
417,Male,Yes,3+,Graduate,No,7740,0.0,128.0,180.0,1.0,Urban,Y,7,8.954286157204713,0.0,4.859812404361672,128.0,High,7740.0,0.016537467700258397,1.0666666666666667,High
418,Male,Yes,0,Graduate,No,3015,2188.0,153.0,360.0,1.0,Rural,Y,8,8.011686729127847,7.691200097522863,5.0369526024136295,153.0,Lower-Middle,5203.0,0.02940611185854315,1.9125,Medium
419,Male,No,0,Graduate,No,4166,0.0,98.0,360.0,0.0,Semiurban,N,8,8.334951631422454,0.0,4.59511985013459,98.0,Upper-Middle,4166.0,0.023523763802208355,0.98,Low
420,Male,No,0,Graduate,No,6000,0.0,140.0,360.0,1.0,Rural,Y,8,8.699681400989514,0.0,4.948759890378168,140.0,High,6000.0,0.023333333333333334,1.75,Medium
421,Male,Yes,3+,Not Graduate,No,2947,1664.0,70.0,180.0,0.0,Urban,N,7,7.988882253309227,7.417580402414544,4.2626798770413155,70.0,Lower-Middle,4611.0,0.015181088700932552,0.5833333333333334,Low
422,Male,Yes,0,Graduate,No,4333,2451.0,110.0,360.0,1.0,Urban,N,8,8.374246182096304,7.804659297056102,4.709530201312334,110.0,Upper-Middle,6784.0,0.016214622641509434,0.9166666666666666,Medium
423,Male,Yes,1,Graduate,Yes,3450,2079.0,162.0,360.0,1.0,Semiurban,Y,8,8.146419323098003,7.640123172695364,5.093750200806762,162.0,Lower-Middle,5529.0,0.02930005425935974,1.62,Medium
424,Male,Yes,1,Not Graduate,No,2653,1500.0,113.0,180.0,0.0,Rural,N,7,7.8838232148921525,7.313886831633462,4.736198448394496,113.0,Low,4153.0,0.027209246327955693,1.4125,Low
425,Male,Yes,3+,Graduate,No,4691,0.0,100.0,360.0,1.0,Semiurban,Y,8,8.453614209773367,0.0,4.61512051684126,100.0,Upper-Middle,4691.0,0.021317416329140908,1.0,Low
426,Female,No,0,Graduate,Yes,2500,0.0,93.0,360.0,1.0,Urban,Y,8,7.824445930877619,0.0,4.543294782270004,93.0,Low,2500.0,0.0372,0.775,Low
427,Male,No,2,Graduate,No,5532,4648.0,162.0,360.0,1.0,Rural,Y,8,8.618485442898109,8.444407421690585,5.093750200806762,162.0,Upper-Middle,10180.0,0.015913555992141455,2.025,Very High
428,Male,Yes,2,Graduate,Yes,16525,1014.0,150.0,360.0,1.0,Rural,Y,8,9.71269017726113,6.922643891475888,5.017279836814924,150.0,High,17539.0,0.008552369006214722,1.875,Very High
429,Male,Yes,2,Graduate,No,6700,1750.0,230.0,300.0,1.0,Semiurban,Y,8,8.81001204797317,7.467942332285852,5.442417710521793,230.0,High,8450.0,0.027218934911242602,2.3,High
430,Male,Yes,1,Graduate,Yes,16667,2250.0,86.0,360.0,1.0,Semiurban,Y,8,9.721245992542345,7.719129840906732,4.465908118654584,86.0,High,18917.0,0.004546175397790347,0.86,Very High
431,Male,Yes,2,Graduate,No,2947,1603.0,127.0,360.0,1.0,Urban,N,8,7.988882253309227,7.38025578842646,4.852030263919617,127.0,Lower-Middle,4550.0,0.02791208791208791,1.0583333333333333,Low
432,Female,No,0,Not Graduate,No,4350,0.0,154.0,360.0,1.0,Rural,Y,8,8.37816098272068,0.0,5.043425116919247,154.0,Upper-Middle,4350.0,0.035402298850574714,1.925,Low
433,Male,Yes,3+,Not Graduate,No,3095,0.0,113.0,360.0,1.0,Rural,Y,8,8.037866234709618,0.0,4.736198448394496,113.0,Lower-Middle,3095.0,0.03651050080775444,1.4125,Low
434,Male,Yes,0,Graduate,No,2083,3150.0,128.0,360.0,1.0,Semiurban,Y,8,7.642044402873258,8.055475141757274,4.859812404361672,128.0,Low,5233.0,0.024460156697878845,1.28,Medium
435,Male,Yes,0,Graduate,No,10833,0.0,234.0,360.0,1.0,Semiurban,Y,9,9.290444616217844,0.0,5.459585514144159,234.0,High,10833.0,0.02160066463583495,2.34,Very High
436,Male,Yes,2,Graduate,No,8333,0.0,246.0,360.0,1.0,Semiurban,Y,9,9.0280988119824,0.0,5.5093883366279774,246.0,High,8333.0,0.029521180847233888,2.46,High
437,Male,Yes,1,Not Graduate,No,1958,2436.0,131.0,360.0,1.0,Rural,Y,8,7.580189417944541,7.798523053625206,4.882801922586371,131.0,Low,4394.0,0.029813381884387802,1.6375,Low
438,Male,No,2,Graduate,No,3547,0.0,80.0,360.0,0.0,Rural,N,8,8.17413934342947,0.0,4.394449154672439,80.0,Lower-Middle,3547.0,0.02255427121511136,1.0,Low
439,Male,Yes,1,Graduate,No,18333,0.0,500.0,360.0,1.0,Urban,N,10,9.816512538521721,0.0,6.2166061010848646,266.875,High,18333.0,0.02727322314951181,4.166666666666667,Very High
440,Male,Yes,2,Graduate,Yes,4583,2083.0,160.0,360.0,1.0,Semiurban,Y,8,8.430327258394575,7.642044402873258,5.081404364984463,160.0,Upper-Middle,6666.0,0.024002400240024,1.6,Medium
441,Male,No,0,Graduate,No,2435,0.0,75.0,360.0,1.0,Urban,N,8,7.798112628829788,0.0,4.330733340286331,75.0,Low,2435.0,0.030800821355236138,0.625,Low
442,Male,No,0,Not Graduate,No,2699,2785.0,96.0,360.0,1.0,Semiurban,Y,8,7.90100705199242,7.932362154339751,4.574710978503383,96.0,Low,5484.0,0.0175054704595186,0.96,Medium
443,Male,Yes,1,Not Graduate,No,5333,1131.0,186.0,360.0,1.0,Urban,Y,8,8.58185670474196,7.0317412587631285,5.231108616854587,186.0,Upper-Middle,6464.0,0.028774752475247526,1.55,Medium
444,Male,No,0,Not Graduate,No,3691,0.0,110.0,360.0,1.0,Rural,Y,8,8.213923595622743,0.0,4.709530201312334,110.0,Lower-Middle,3691.0,0.029802221620157138,1.375,Low
445,Female,No,0,Not Graduate,Yes,17263,0.0,225.0,360.0,1.0,Semiurban,Y,8,9.756378687497916,0.0,5.420534999272286,225.0,High,17263.0,0.013033655795632277,2.25,Very High
446,Male,Yes,0,Graduate,No,3597,2157.0,119.0,360.0,0.0,Rural,N,8,8.188133414510478,7.67693714581808,4.787491742782046,119.0,Lower-Middle,5754.0,0.02068126520681265,1.4875,Medium
447,Female,Yes,1,Graduate,No,3326,913.0,105.0,84.0,1.0,Semiurban,Y,7,8.109826276018477,6.81783057145415,4.663439094112067,105.0,Lower-Middle,4239.0,0.024769992922859165,1.05,Low
448,Male,Yes,0,Not Graduate,No,2600,1700.0,107.0,360.0,1.0,Rural,Y,8,7.8636512654486515,7.438971592395862,4.68213122712422,107.0,Low,4300.0,0.02488372093023256,1.3375,Low
449,Male,Yes,0,Graduate,No,4625,2857.0,111.0,12.0,1.0,Urban,Y,7,8.439447842791385,7.957877358489813,4.718498871295094,111.0,Upper-Middle,7482.0,0.01483560545308741,0.925,High
450,Male,Yes,1,Graduate,Yes,2895,0.0,95.0,360.0,1.0,Semiurban,Y,8,7.971085753505607,0.0,4.564348191467836,95.0,Lower-Middle,2895.0,0.03281519861830743,0.95,Low
451,Male,No,0,Graduate,No,6283,4416.0,209.0,360.0,0.0,Rural,N,9,8.745761999375512,8.393216011596527,5.3471075307174685,209.0,High,10699.0,0.019534535937938125,2.6125,Very High
452,Female,No,0,Graduate,No,645,3683.0,113.0,480.0,1.0,Rural,Y,9,6.470799503782602,8.211754397375197,4.736198448394496,113.0,Low,4328.0,0.0261090573012939,1.4125,Low
453,Female,No,0,Graduate,No,3159,0.0,100.0,360.0,1.0,Semiurban,Y,8,8.058327306580958,0.0,4.61512051684126,100.0,Lower-Middle,3159.0,0.03165558721114277,1.0,Low
454,Male,Yes,2,Graduate,No,4865,5624.0,208.0,360.0,1.0,Semiurban,Y,9,8.490027523343468,8.63497622707262,5.342334251964811,208.0,Upper-Middle,10489.0,0.01983029840785585,2.08,Very High
455,Male,Yes,1,Not Graduate,No,4050,5302.0,138.0,360.0,1.0,Rural,N,8,8.30671904320269,8.57602797713713,4.9344739331306915,138.0,Upper-Middle,9352.0,0.014756201881950384,1.725,Very High
456,Male,Yes,0,Not Graduate,No,3814,1483.0,124.0,300.0,1.0,Semiurban,Y,8,8.246695943718557,7.302496423727326,4.8283137373023015,124.0,Lower-Middle,5297.0,0.0234094770624882,1.24,Medium
457,Male,Yes,2,Graduate,No,3510,4416.0,243.0,360.0,1.0,Rural,Y,9,8.163656176168432,8.393216011596527,5.497168225293202,243.0,Lower-Middle,7926.0,0.030658591975775928,3.0375,High
458,Male,Yes,0,Graduate,No,20833,6667.0,480.0,360.0,1.0,Urban,Y,10,9.944341546544393,8.805075243870684,6.175867270105761,266.875,High,27500.0,0.017454545454545455,4.0,Very High
459,Male,Yes,0,Graduate,Yes,2479,3013.0,188.0,360.0,1.0,Urban,Y,9,7.8160138391590275,8.01102337918644,5.241747015059643,188.0,Low,5492.0,0.03423160961398398,1.5666666666666667,Medium
460,Female,No,1,Graduate,No,13262,0.0,40.0,360.0,1.0,Urban,Y,7,9.492733482494353,0.0,3.713572066704308,40.0,High,13262.0,0.003016136329362087,0.3333333333333333,Very High
461,Male,No,0,Not Graduate,No,3598,1287.0,100.0,360.0,1.0,Rural,N,8,8.188411308079031,7.160845906664299,4.61512051684126,100.0,Lower-Middle,4885.0,0.02047082906857728,1.25,Low
462,Male,Yes,1,Graduate,No,6065,2004.0,250.0,360.0,1.0,Semiurban,Y,9,8.710454688248527,7.60339933974067,5.5254529391317835,250.0,High,8069.0,0.030982773577890692,2.5,High
463,Male,Yes,2,Graduate,No,3283,2035.0,148.0,360.0,1.0,Urban,Y,8,8.096817470572319,7.618742377670413,5.003946305945459,148.0,Lower-Middle,5318.0,0.027830011282437006,1.2333333333333334,Medium
464,Male,Yes,0,Graduate,No,2130,6666.0,70.0,180.0,1.0,Semiurban,N,7,7.664346632098617,8.80492526261806,4.2626798770413155,70.0,Low,8796.0,0.007958162801273306,0.7,High
465,Male,No,0,Graduate,No,5815,3666.0,311.0,360.0,1.0,Rural,N,9,8.668368019213355,8.207129168071326,5.7430031878094825,266.875,Upper-Middle,9481.0,0.03280244699926168,3.8875,Very High
466,Male,Yes,3+,Graduate,No,3466,3428.0,150.0,360.0,1.0,Rural,Y,8,8.151044945685024,8.14002395246292,5.017279836814924,150.0,Lower-Middle,6894.0,0.02175805047867711,1.875,Medium
467,Female,Yes,2,Graduate,No,2031,1632.0,113.0,480.0,1.0,Semiurban,Y,9,7.616775808698373,7.398174092970465,4.736198448394496,113.0,Low,3663.0,0.03084903084903085,1.13,Low
468,Male,No,0,Graduate,No,4683,1915.0,185.0,360.0,1.0,Semiurban,N,8,8.451907724717607,7.557994958530806,5.225746673713202,185.0,Upper-Middle,6598.0,0.02803879963625341,1.85,Medium
469,Female,No,0,Not Graduate,No,3400,0.0,95.0,360.0,1.0,Rural,N,8,8.131824785007195,0.0,4.564348191467836,95.0,Lower-Middle,3400.0,0.027941176470588237,1.1875,Low
470,Male,Yes,2,Not Graduate,No,2192,1742.0,45.0,360.0,1.0,Semiurban,Y,8,7.693025748417888,7.463363045520021,3.828641396489095,45.0,Low,3934.0,0.011438739196746314,0.45,Low
471,Male,No,0,Graduate,No,2500,0.0,55.0,360.0,1.0,Semiurban,Y,8,7.824445930877619,0.0,4.02535169073515,55.0,Low,2500.0,0.022,0.55,Low
472,Male,Yes,3+,Graduate,Yes,5677,1424.0,100.0,360.0,1.0,Rural,Y,8,8.644354337032917,7.261927092702751,4.61512051684126,100.0,Upper-Middle,7101.0,0.01408252358822701,1.25,High
473,Male,Yes,2,Graduate,Yes,7948,7166.0,480.0,360.0,1.0,Rural,Y,10,8.980801413573113,8.877242435993919,6.175867270105761,266.875,High,15114.0,0.031758634378721715,6.0,Very High
474,Male,No,0,Graduate,No,4680,2087.0,127.0,360.0,1.0,Semiurban,N,8,8.45126704130007,7.643961949002529,4.852030263919617,127.0,Upper-Middle,6767.0,0.01876754839663071,1.27,Medium
475,Male,Yes,2,Graduate,Yes,17500,0.0,400.0,360.0,1.0,Rural,Y,10,9.770013301136158,0.0,5.993961427306569,266.875,High,17500.0,0.022857142857142857,5.0,Very High
476,Male,Yes,0,Graduate,No,3775,0.0,110.0,360.0,1.0,Semiurban,Y,8,8.236420527265391,0.0,4.709530201312334,110.0,Lower-Middle,3775.0,0.02913907284768212,1.1,Low
477,Male,Yes,1,Not Graduate,No,5285,1430.0,161.0,360.0,0.0,Semiurban,Y,8,8.572817095164234,7.266128779556451,5.087596335232384,161.0,Upper-Middle,6715.0,0.023976172747580043,1.61,Medium
478,Male,No,1,Not Graduate,No,2679,1302.0,94.0,360.0,1.0,Semiurban,Y,8,7.893572073504902,7.172424577124845,4.553876891600541,94.0,Low,3981.0,0.02361215774930922,0.94,Low
479,Male,No,0,Not Graduate,No,6783,0.0,130.0,360.0,1.0,Semiurban,Y,8,8.822322177471738,0.0,4.875197323201151,130.0,High,6783.0,0.019165560961226596,1.3,Medium
480,Male,Yes,0,Graduate,No,1025,5500.0,216.0,360.0,1.0,Rural,Y,9,6.933423025730715,8.612685172875459,5.37989735354046,216.0,Low,6525.0,0.03310344827586207,2.7,Medium
481,Male,Yes,3+,Graduate,No,4281,0.0,100.0,360.0,1.0,Urban,Y,8,8.362175469149628,0.0,4.61512051684126,100.0,Upper-Middle,4281.0,0.023359028264424198,0.8333333333333334,Low
482,Male,No,2,Graduate,No,3588,0.0,110.0,360.0,0.0,Rural,N,8,8.185628891147607,0.0,4.709530201312334,110.0,Lower-Middle,3588.0,0.030657748049052396,1.375,Low
483,Male,No,1,Graduate,No,11250,0.0,196.0,360.0,1.0,Semiurban,N,8,9.328212292571072,0.0,5.2832037287379885,196.0,High,11250.0,0.01742222222222222,1.96,Very High
484,Female,No,0,Not Graduate,Yes,18165,0.0,125.0,360.0,1.0,Urban,Y,8,9.80730699406216,0.0,4.836281906951478,125.0,High,18165.0,0.006881365262868153,1.0416666666666667,Very High
485,Male,Yes,0,Graduate,No,6133,3906.0,324.0,360.0,1.0,Urban,Y,9,8.721602344674197,8.27052509505507,5.783825182329737,266.875,High,10039.0,0.03227413088953083,2.7,Very High
486,Male,No,2,Graduate,No,3617,0.0,107.0,360.0,1.0,Semiurban,Y,8,8.193676665955241,0.0,4.68213122712422,107.0,Lower-Middle,3617.0,0.029582526956040918,1.07,Low
487,Male,Yes,0,Not Graduate,No,2917,536.0,66.0,360.0,1.0,Rural,N,8,7.978653729082731,6.285998094508865,4.204692619390966,66.0,Lower-Middle,3453.0,0.019113814074717638,0.825,Low
488,Male,Yes,3+,Graduate,No,6417,0.0,157.0,180.0,1.0,Rural,Y,8,8.766861821669803,0.0,5.062595033026967,157.0,High,6417.0,0.02446626149290946,1.9625,Medium
489,Female,Yes,1,Graduate,No,4608,2845.0,140.0,180.0,1.0,Semiurban,Y,7,8.435766192720509,7.953669778649798,4.948759890378168,140.0,Upper-Middle,7453.0,0.018784382128002146,1.4,High
490,Female,No,0,Graduate,No,2138,0.0,99.0,360.0,0.0,Semiurban,N,8,7.668093709082406,0.0,4.605170185988092,99.0,Low,2138.0,0.04630495790458372,0.99,Low
491,Male,Yes,1,Not Graduate,No,2239,2524.0,128.0,360.0,1.0,Urban,Y,8,7.7142311448490855,7.83399634170946,4.859812404361672,128.0,Low,4763.0,0.026873819021625025,1.0666666666666667,Low
492,Female,Yes,0,Not Graduate,No,3017,663.0,102.0,360.0,1.0,Semiurban,Y,8,8.012349639327795,6.498282149476434,4.634728988229636,102.0,Lower-Middle,3680.0,0.027717391304347826,1.02,Low
493,Male,Yes,0,Graduate,No,2768,1950.0,155.0,360.0,1.0,Rural,Y,8,7.926241523170962,7.576097340623111,5.049856007249537,155.0,Low,4718.0,0.03285290377278508,1.9375,Low
494,Male,No,0,Not Graduate,No,3358,0.0,80.0,36.0,1.0,Semiurban,N,7,8.119398589612294,0.0,4.394449154672439,80.0,Lower-Middle,3358.0,0.023823704586063133,0.8,Low
495,Male,No,0,Graduate,No,2526,1783.0,145.0,360.0,1.0,Rural,Y,8,7.834788107388194,7.486613313139955,4.983606621708336,145.0,Low,4309.0,0.03365049895567417,1.8125,Low
496,Female,No,0,Graduate,No,5000,0.0,103.0,360.0,0.0,Semiurban,N,8,8.517393171418904,0.0,4.6443908991413725,103.0,Upper-Middle,5000.0,0.0206,1.03,Low
497,Male,Yes,0,Graduate,No,2785,2016.0,110.0,360.0,1.0,Rural,Y,8,7.932362154339751,7.6093665379542115,4.709530201312334,110.0,Low,4801.0,0.022911893355550928,1.375,Low
498,Male,Yes,2,Graduate,Yes,6633,0.0,127.0,360.0,0.0,Rural,N,8,8.799963219506997,0.0,4.852030263919617,127.0,High,6633.0,0.019146690788481833,1.5875,Medium
499,Male,Yes,1,Not Graduate,No,2492,2375.0,127.0,360.0,1.0,Rural,Y,8,7.821242083523558,7.773173680482536,4.852030263919617,127.0,Low,4867.0,0.0260941031436203,1.5875,Low
500,Male,Yes,1,Graduate,No,3333,3250.0,158.0,360.0,1.0,Urban,Y,8,8.111928063310739,8.086717920303906,5.0689042022202315,158.0,Lower-Middle,6583.0,0.024001215251405136,1.3166666666666667,Medium
501,Male,Yes,0,Not Graduate,No,2454,2333.0,181.0,360.0,0.0,Urban,N,8,7.805882040228621,7.755338812846501,5.204006687076795,181.0,Low,4787.0,0.03781073741382912,1.5083333333333333,Low
502,Male,Yes,0,Graduate,No,3593,4266.0,132.0,180.0,0.0,Rural,N,7,8.187021067343505,8.358666283188,4.890349128221754,132.0,Lower-Middle,7859.0,0.01679603002926581,1.65,High
503,Male,Yes,1,Graduate,No,5468,1032.0,26.0,360.0,1.0,Semiurban,Y,8,8.606851063346772,6.940222469119639,3.295836866004329,26.0,Upper-Middle,6500.0,0.004,0.26,Medium
504,Female,No,0,Graduate,No,2667,1625.0,84.0,360.0,1.0,Urban,Y,8,7.889084407035514,7.3938782901077555,4.442651256490317,84.0,Low,4292.0,0.0195712954333644,0.7,Low
505,Male,Yes,3+,Graduate,Yes,10139,0.0,260.0,360.0,1.0,Semiurban,Y,9,9.224243277145174,0.0,5.564520407322694,260.0,High,10139.0,0.025643554591182564,2.6,Very High
506,Male,Yes,0,Graduate,No,3887,2669.0,162.0,360.0,1.0,Semiurban,Y,8,8.265650165580329,7.8898337513942955,5.093750200806762,162.0,Upper-Middle,6556.0,0.02471018913971934,1.62,Medium
507,Female,Yes,0,Graduate,No,4180,2306.0,182.0,360.0,1.0,Semiurban,Y,8,8.338305731356565,7.7437032581737535,5.209486152841421,182.0,Upper-Middle,6486.0,0.028060437866173297,1.82,Medium
508,Male,Yes,2,Not Graduate,No,3675,242.0,108.0,360.0,1.0,Semiurban,Y,8,8.209580483475577,5.493061443340548,4.6913478822291435,108.0,Lower-Middle,3917.0,0.027572121521572634,1.08,Low
509,Female,Yes,1,Graduate,Yes,19484,0.0,600.0,360.0,1.0,Semiurban,Y,11,9.87740021777281,0.0,6.398594934535208,266.875,High,19484.0,0.03079449804968179,6.0,Very High
510,Male,Yes,0,Graduate,No,5923,2054.0,211.0,360.0,1.0,Rural,Y,9,8.68676717538769,7.628031126930335,5.356586274672012,211.0,High,7977.0,0.02645104675943337,2.6375,High
511,Male,No,0,Not Graduate,Yes,5800,0.0,132.0,360.0,1.0,Semiurban,Y,8,8.665785595466064,0.0,4.890349128221754,132.0,Upper-Middle,5800.0,0.022758620689655173,1.32,Medium
512,Male,Yes,2,Graduate,No,8799,0.0,258.0,360.0,0.0,Urban,N,9,9.082507000466299,0.0,5.556828061699537,258.0,High,8799.0,0.029321513808387316,2.15,High
513,Male,Yes,0,Not Graduate,No,4467,0.0,120.0,360.0,1.0,Rural,Y,8,8.404696160189092,0.0,4.795790545596741,120.0,Upper-Middle,4467.0,0.026863666890530557,1.5,Low
514,Male,No,0,Graduate,No,3333,0.0,70.0,360.0,1.0,Urban,Y,8,8.111928063310739,0.0,4.2626798770413155,70.0,Lower-Middle,3333.0,0.021002100210021003,0.5833333333333334,Low
515,Male,Yes,3+,Graduate,No,3400,2500.0,123.0,360.0,0.0,Rural,N,8,8.131824785007195,7.824445930877619,4.820281565605037,123.0,Lower-Middle,5900.0,0.020847457627118645,1.5375,Medium
516,Female,No,0,Graduate,No,2378,0.0,9.0,360.0,1.0,Urban,N,8,7.774435510302958,0.0,2.302585092994046,9.0,Low,2378.0,0.0037846930193439865,0.075,Low
517,Male,Yes,0,Graduate,No,3166,2064.0,104.0,360.0,0.0,Urban,N,8,8.06054004653864,7.632885505395133,4.653960350157523,104.0,Lower-Middle,5230.0,0.01988527724665392,0.8666666666666667,Medium
518,Male,Yes,1,Graduate,No,3417,1750.0,186.0,360.0,1.0,Urban,Y,9,8.136810863675537,7.467942332285852,5.231108616854587,186.0,Lower-Middle,5167.0,0.035997677569189084,1.55,Medium
519,Male,Yes,2,Graduate,No,16666,0.0,275.0,360.0,1.0,Urban,Y,9,9.721185995542177,0.0,5.62040086571715,266.875,High,16666.0,0.016500660026401055,2.2916666666666665,Very High
520,Male,Yes,2,Not Graduate,No,6125,1625.0,187.0,480.0,1.0,Semiurban,N,9,8.72029728739272,7.3938782901077555,5.236441962829949,187.0,High,7750.0,0.024129032258064516,1.87,High
521,Male,Yes,3+,Graduate,No,6406,0.0,150.0,360.0,1.0,Semiurban,N,8,8.765146421639022,0.0,5.017279836814924,150.0,High,6406.0,0.023415547923821417,1.5,Medium
522,Male,Yes,2,Graduate,No,3159,461.0,108.0,84.0,1.0,Urban,Y,7,8.058327306580958,6.135564891081739,4.6913478822291435,108.0,Lower-Middle,3620.0,0.02983425414364641,0.9,Low
523,Male,No,0,Graduate,No,3229,2739.0,110.0,360.0,1.0,Urban,Y,8,8.080237416216702,7.9157131993821155,4.709530201312334,110.0,Lower-Middle,5968.0,0.018431635388739945,0.9166666666666666,Medium
524,Male,Yes,1,Graduate,No,1782,2232.0,107.0,360.0,1.0,Rural,Y,8,7.48605261786314,7.711101251840158,4.68213122712422,107.0,Low,4014.0,0.02665670154459392,1.3375,Low
525,Male,Yes,2,Graduate,No,6540,0.0,205.0,360.0,1.0,Semiurban,Y,9,8.785845337961213,0.0,5.327876168789581,205.0,High,6540.0,0.03134556574923547,2.05,Medium
526,Male,No,0,Graduate,No,1836,33837.0,90.0,360.0,1.0,Urban,N,7,7.515889085215125,10.429339710318741,4.51085950651685,90.0,Low,35673.0,0.0025229164914641325,0.75,Very High
527,Female,Yes,0,Graduate,No,3166,0.0,36.0,360.0,1.0,Semiurban,Y,8,8.06054004653864,0.0,3.6109179126442243,36.0,Lower-Middle,3166.0,0.011370814908401769,0.36,Low
528,Male,Yes,1,Graduate,No,1880,0.0,61.0,360.0,1.0,Rural,N,8,7.53955882930103,0.0,4.127134385045092,61.0,Low,1880.0,0.032446808510638296,0.7625,Low
529,Male,Yes,1,Graduate,No,2787,1917.0,146.0,360.0,0.0,Rural,N,8,7.933079771880415,7.559038255443384,4.990432586778736,146.0,Low,4704.0,0.031037414965986394,1.825,Low
530,Male,Yes,1,Graduate,No,4283,3000.0,172.0,84.0,1.0,Rural,N,7,8.36264243156764,8.006700845440367,5.153291594497779,172.0,Upper-Middle,7283.0,0.02361664149388988,2.15,High
531,Male,Yes,0,Graduate,No,2297,1522.0,104.0,360.0,1.0,Urban,Y,8,7.739794458408701,7.328437352895162,4.653960350157523,104.0,Low,3819.0,0.027232259753862266,0.8666666666666667,Low
532,Female,No,0,Not Graduate,No,2165,0.0,70.0,360.0,1.0,Semiurban,Y,8,7.680637427560936,0.0,4.2626798770413155,70.0,Low,2165.0,0.03233256351039261,0.7,Low
533,Male,Yes,2,Graduate,Yes,2726,0.0,106.0,360.0,0.0,Semiurban,N,8,7.910957382845589,0.0,4.672828834461906,106.0,Low,2726.0,0.03888481291269259,1.06,Low
534,Male,Yes,0,Graduate,No,3000,3416.0,56.0,180.0,1.0,Semiurban,Y,7,8.006700845440367,8.136518252115291,4.04305126783455,56.0,Lower-Middle,6416.0,0.008728179551122194,0.56,Medium
535,Male,Yes,2,Graduate,Yes,6000,0.0,205.0,240.0,1.0,Semiurban,N,8,8.699681400989514,0.0,5.327876168789581,205.0,High,6000.0,0.034166666666666665,2.05,Medium
536,Male,Yes,0,Graduate,No,3859,3300.0,142.0,180.0,1.0,Rural,Y,7,8.258422462458876,8.101980731853192,4.962844630259907,142.0,Upper-Middle,7159.0,0.019835172510127112,1.775,High
537,Male,Yes,0,Graduate,Yes,16120,0.0,260.0,360.0,1.0,Urban,Y,9,9.687878048875998,0.0,5.564520407322694,260.0,High,16120.0,0.016129032258064516,2.1666666666666665,Very High
538,Male,No,0,Not Graduate,No,3833,0.0,110.0,360.0,1.0,Rural,Y,8,8.251663923605589,0.0,4.709530201312334,110.0,Lower-Middle,3833.0,0.02869814766501435,1.375,Low
539,Male,Yes,2,Not Graduate,Yes,6383,1000.0,187.0,360.0,1.0,Rural,N,8,8.761550139129644,6.90875477931522,5.236441962829949,187.0,High,7383.0,0.025328457266693756,2.3375,High
540,Male,Yes,0,Graduate,Yes,9963,0.0,180.0,360.0,1.0,Rural,Y,8,9.20673387638207,0.0,5.198497031265826,180.0,High,9963.0,0.018066847335140017,2.25,Very High
541,Male,Yes,2,Graduate,No,5780,0.0,192.0,360.0,1.0,Urban,Y,9,8.662331957082475,0.0,5.262690188904886,192.0,Upper-Middle,5780.0,0.03321799307958478,1.6,Medium
542,Male,Yes,3+,Graduate,No,5703,0.0,128.0,360.0,1.0,Urban,Y,8,8.648922962094131,0.0,4.859812404361672,128.0,Upper-Middle,5703.0,0.02244432754690514,1.0666666666666667,Medium
543,Male,No,0,Graduate,No,3676,4301.0,172.0,360.0,1.0,Rural,Y,8,8.209852481301272,8.366835309827675,5.153291594497779,172.0,Lower-Middle,7977.0,0.021561990723329573,2.15,High
544,Female,Yes,1,Graduate,No,12000,0.0,496.0,360.0,1.0,Semiurban,Y,10,9.392745258631441,0.0,6.208590026096629,266.875,High,12000.0,0.04133333333333333,4.96,Very High
545,Male,Yes,0,Not Graduate,No,2400,3800.0,127.0,180.0,1.0,Urban,N,7,7.783640596221253,8.24301946898925,4.852030263919617,127.0,Low,6200.0,0.020483870967741936,1.0583333333333333,Medium
546,Male,Yes,1,Graduate,No,3400,2500.0,173.0,360.0,1.0,Semiurban,Y,8,8.131824785007195,7.824445930877619,5.159055299214529,173.0,Lower-Middle,5900.0,0.029322033898305084,1.73,Medium
547,Male,Yes,2,Not Graduate,No,3987,1411.0,157.0,360.0,1.0,Rural,Y,8,8.291045131081729,7.252762418053187,5.062595033026967,157.0,Upper-Middle,5398.0,0.029084846239347907,1.9625,Medium
548,Male,Yes,0,Graduate,No,3232,1950.0,108.0,360.0,1.0,Rural,Y,8,8.081165777725433,7.576097340623111,4.6913478822291435,108.0,Lower-Middle,5182.0,0.020841373986877652,1.35,Medium
549,Female,No,0,Graduate,No,2900,0.0,71.0,360.0,1.0,Rural,Y,8,7.972810784121404,0.0,4.276666119016055,71.0,Lower-Middle,2900.0,0.024482758620689656,0.8875,Low
550,Male,Yes,3+,Graduate,No,4106,0.0,40.0,180.0,1.0,Rural,Y,7,8.320448113956559,0.0,3.713572066704308,40.0,Upper-Middle,4106.0,0.00974184120798831,0.5,Low
551,Male,Yes,1,Graduate,No,8072,240.0,253.0,360.0,1.0,Urban,Y,9,8.996280439395015,5.484796933490655,5.537334267018537,253.0,High,8312.0,0.030437921077959576,2.1083333333333334,High
552,Male,Yes,2,Graduate,No,7583,0.0,187.0,360.0,1.0,Urban,Y,8,8.933796043934858,0.0,5.236441962829949,187.0,High,7583.0,0.024660424634049848,1.5583333333333333,High
553,Female,No,0,Graduate,Yes,4583,0.0,133.0,360.0,0.0,Semiurban,N,8,8.430327258394575,0.0,4.897839799950911,133.0,Upper-Middle,4583.0,0.02902029238490072,1.33,Low
